Measurement,Timestamp,A0,A1,A2,A3,A5
1,2024-06-29T17:53:06.490846,510.0,510.0,510.0,510.0,0.0
2,2024-06-29T17:53:06.490927,513.0,509.0,510.0,509.0,0.0
3,2024-06-29T17:53:06.490954,511.0,513.0,509.0,509.0,0.0
4,2024-06-29T17:53:06.490968,511.0,510.0,512.0,503.0,0.0
5,2024-06-29T17:53:06.490978,511.0,511.0,508.0,516.0,0.0
6,2024-06-29T17:53:06.490987,509.0,507.0,508.0,510.0,0.0
7,2024-06-29T17:53:06.490987,509.0,507.0,508.0,510.0,0.0
8,2024-06-29T17:53:06.490996,512.0,512.0,514.0,500.0,0.0
9,2024-06-29T17:53:06.490996,512.0,512.0,514.0,500.0,0.0
10,2024-06-29T17:53:06.490996,512.0,512.0,514.0,500.0,0.0
11,2024-06-29T17:53:06.491010,515.0,512.0,509.0,488.0,0.0
12,2024-06-29T17:53:06.491032,512.0,511.0,508.0,483.0,0.0
13,2024-06-29T17:53:06.491042,511.0,512.0,510.0,495.0,0.0
14,2024-06-29T17:53:06.491042,511.0,512.0,510.0,495.0,0.0
15,2024-06-29T17:53:06.491042,511.0,512.0,510.0,495.0,0.0
16,2024-06-29T17:53:06.491042,511.0,512.0,510.0,495.0,0.0
17,2024-06-29T17:53:06.491050,513.0,512.0,507.0,505.0,0.0
18,2024-06-29T17:53:06.491057,515.0,507.0,508.0,506.0,0.0
19,2024-06-29T17:53:06.491064,512.0,512.0,513.0,521.0,0.0
20,2024-06-29T17:53:06.491064,512.0,512.0,513.0,521.0,0.0
21,2024-06-29T17:53:06.491072,513.0,513.0,514.0,535.0,0.0
22,2024-06-29T17:53:06.491079,513.0,512.0,511.0,542.0,0.0
23,2024-06-29T17:53:06.491087,512.0,512.0,512.0,541.0,0.0
24,2024-06-29T17:53:06.491093,509.0,511.0,513.0,540.0,0.0
25,2024-06-29T17:53:06.491100,508.0,512.0,512.0,531.0,0.0
26,2024-06-29T17:53:06.491107,507.0,510.0,515.0,519.0,0.0
27,2024-06-29T17:53:06.491114,509.0,511.0,509.0,510.0,0.0
28,2024-06-29T17:53:06.491121,513.0,513.0,508.0,510.0,0.0
29,2024-06-29T17:53:06.491130,513.0,511.0,511.0,505.0,0.0
30,2024-06-29T17:53:06.491137,512.0,511.0,512.0,504.0,0.0
31,2024-06-29T17:53:06.491137,512.0,511.0,512.0,504.0,0.0
32,2024-06-29T17:53:06.491144,515.0,510.0,508.0,501.0,0.0
33,2024-06-29T17:53:06.491150,513.0,508.0,508.0,504.0,0.0
34,2024-06-29T17:53:06.491158,511.0,512.0,510.0,507.0,0.0
35,2024-06-29T17:53:06.491164,511.0,507.0,507.0,499.0,0.0
36,2024-06-29T17:53:06.491171,511.0,512.0,509.0,488.0,0.0
37,2024-06-29T17:53:06.491178,506.0,511.0,511.0,488.0,0.0
38,2024-06-29T17:53:06.491178,506.0,511.0,511.0,488.0,0.0
39,2024-06-29T17:53:06.491186,511.0,510.0,507.0,497.0,0.0
40,2024-06-29T17:53:06.491186,511.0,510.0,507.0,497.0,0.0
41,2024-06-29T17:53:06.491193,512.0,512.0,508.0,508.0,0.0
42,2024-06-29T17:53:06.491200,512.0,510.0,511.0,514.0,0.0
43,2024-06-29T17:53:06.491200,512.0,510.0,511.0,514.0,0.0
44,2024-06-29T17:53:06.491207,512.0,511.0,510.0,523.0,0.0
45,2024-06-29T17:53:06.491217,512.0,510.0,513.0,539.0,0.0
46,2024-06-29T17:53:06.491225,509.0,510.0,511.0,548.0,0.0
47,2024-06-29T17:53:06.491225,509.0,510.0,511.0,548.0,0.0
48,2024-06-29T17:53:06.491232,513.0,510.0,510.0,543.0,0.0
49,2024-06-29T17:53:06.491239,513.0,512.0,509.0,539.0,0.0
50,2024-06-29T17:53:06.491247,511.0,512.0,515.0,528.0,0.0
51,2024-06-29T17:53:06.491254,507.0,511.0,512.0,517.0,0.0
52,2024-06-29T17:53:06.491261,511.0,511.0,513.0,511.0,0.0
53,2024-06-29T17:53:06.491268,513.0,514.0,513.0,507.0,0.0
54,2024-06-29T17:53:06.491275,511.0,510.0,515.0,506.0,0.0
55,2024-06-29T17:53:06.491282,515.0,507.0,510.0,506.0,0.0
56,2024-06-29T17:53:06.491282,515.0,507.0,510.0,506.0,0.0
57,2024-06-29T17:53:06.491289,515.0,510.0,510.0,501.0,0.0
58,2024-06-29T17:53:06.491296,508.0,509.0,508.0,507.0,0.0
59,2024-06-29T17:53:06.491296,508.0,509.0,508.0,507.0,0.0
60,2024-06-29T17:53:06.491304,510.0,513.0,509.0,507.0,0.0
61,2024-06-29T17:53:06.491311,510.0,509.0,510.0,502.0,0.0
62,2024-06-29T17:53:06.491311,510.0,509.0,510.0,502.0,0.0
63,2024-06-29T17:53:06.491311,510.0,509.0,510.0,502.0,0.0
64,2024-06-29T17:53:06.491318,512.0,511.0,509.0,484.0,0.0
65,2024-06-29T17:53:06.491324,513.0,511.0,512.0,481.0,0.0
66,2024-06-29T17:53:06.491324,513.0,511.0,512.0,481.0,0.0
67,2024-06-29T17:53:06.491332,511.0,510.0,512.0,493.0,0.0
68,2024-06-29T17:53:06.491339,513.0,509.0,511.0,502.0,0.0
69,2024-06-29T17:53:06.491339,513.0,509.0,511.0,502.0,0.0
70,2024-06-29T17:53:06.491345,513.0,512.0,506.0,503.0,0.0
71,2024-06-29T17:53:06.491352,511.0,511.0,510.0,522.0,0.0
72,2024-06-29T17:53:06.491360,508.0,510.0,513.0,535.0,0.0
73,2024-06-29T17:53:06.491367,511.0,513.0,512.0,539.0,0.0
74,2024-06-29T17:53:06.491367,511.0,513.0,512.0,539.0,0.0
75,2024-06-29T17:53:06.491367,511.0,513.0,512.0,539.0,0.0
76,2024-06-29T17:53:06.491374,512.0,513.0,509.0,536.0,0.0
77,2024-06-29T17:53:06.491381,514.0,509.0,508.0,540.0,0.0
78,2024-06-29T17:53:06.491381,514.0,509.0,508.0,540.0,0.0
79,2024-06-29T17:53:06.491388,511.0,510.0,509.0,535.0,0.0
80,2024-06-29T17:53:06.491396,510.0,511.0,510.0,521.0,0.0
81,2024-06-29T17:53:06.491396,510.0,511.0,510.0,521.0,0.0
82,2024-06-29T17:53:06.491416,511.0,510.0,511.0,508.0,0.0
83,2024-06-29T17:53:06.491423,512.0,511.0,510.0,508.0,0.0
84,2024-06-29T17:53:06.491423,512.0,511.0,510.0,508.0,0.0
85,2024-06-29T17:53:06.491423,512.0,511.0,510.0,508.0,0.0
86,2024-06-29T17:53:06.491431,510.0,511.0,511.0,507.0,0.0
87,2024-06-29T17:53:06.491431,510.0,511.0,511.0,507.0,0.0
88,2024-06-29T17:53:06.491431,510.0,511.0,511.0,507.0,0.0
89,2024-06-29T17:53:06.491431,510.0,511.0,511.0,507.0,0.0
90,2024-06-29T17:53:06.491431,510.0,511.0,511.0,507.0,0.0
91,2024-06-29T17:53:06.491431,510.0,511.0,511.0,507.0,0.0
92,2024-06-29T17:53:06.491431,510.0,511.0,511.0,507.0,0.0
93,2024-06-29T17:53:06.491431,510.0,511.0,511.0,507.0,0.0
94,2024-06-29T17:53:06.491438,509.0,510.0,512.0,506.0,0.0
95,2024-06-29T17:53:06.491438,509.0,510.0,512.0,506.0,0.0
96,2024-06-29T17:53:06.491446,513.0,511.0,513.0,503.0,0.0
97,2024-06-29T17:53:06.491452,511.0,513.0,514.0,508.0,0.0
98,2024-06-29T17:53:06.491452,511.0,513.0,514.0,508.0,0.0
99,2024-06-29T17:53:06.491460,513.0,513.0,511.0,512.0,0.0
100,2024-06-29T17:53:06.491466,511.0,511.0,508.0,508.0,0.0
101,2024-06-29T17:53:06.491477,511.0,511.0,510.0,493.0,0.0
102,2024-06-29T17:53:06.491477,511.0,511.0,510.0,493.0,0.0
103,2024-06-29T17:53:06.491485,512.0,512.0,510.0,492.0,0.0
104,2024-06-29T17:53:06.491493,514.0,508.0,506.0,495.0,0.0
105,2024-06-29T17:53:06.491500,511.0,509.0,513.0,505.0,0.0
106,2024-06-29T17:53:06.491500,511.0,509.0,513.0,505.0,0.0
107,2024-06-29T17:53:06.491506,512.0,509.0,511.0,511.0,0.0
108,2024-06-29T17:53:06.491513,512.0,511.0,509.0,524.0,0.0
109,2024-06-29T17:53:06.491520,511.0,514.0,510.0,533.0,0.0
110,2024-06-29T17:53:06.491527,510.0,510.0,510.0,544.0,0.0
111,2024-06-29T17:53:06.491527,510.0,510.0,510.0,544.0,0.0
112,2024-06-29T17:53:06.491533,511.0,511.0,514.0,546.0,0.0
113,2024-06-29T17:53:06.491540,509.0,512.0,510.0,544.0,0.0
114,2024-06-29T17:53:06.491548,508.0,510.0,513.0,534.0,0.0
115,2024-06-29T17:53:06.491554,509.0,510.0,511.0,524.0,0.0
116,2024-06-29T17:53:06.491561,512.0,512.0,509.0,510.0,0.0
117,2024-06-29T17:53:06.491561,512.0,512.0,509.0,510.0,0.0
118,2024-06-29T17:53:06.491568,511.0,511.0,511.0,513.0,0.0
119,2024-06-29T17:53:06.491574,514.0,508.0,512.0,508.0,0.0
120,2024-06-29T17:53:06.491581,512.0,508.0,511.0,504.0,0.0
121,2024-06-29T17:53:06.491588,513.0,510.0,510.0,500.0,0.0
122,2024-06-29T17:53:06.491588,513.0,510.0,510.0,500.0,0.0
123,2024-06-29T17:53:06.491588,513.0,510.0,510.0,500.0,0.0
124,2024-06-29T17:53:06.491594,512.0,509.0,511.0,504.0,0.0
125,2024-06-29T17:53:06.491602,511.0,512.0,513.0,505.0,0.0
126,2024-06-29T17:53:06.491609,512.0,510.0,511.0,505.0,0.0
127,2024-06-29T17:53:06.491609,512.0,510.0,511.0,505.0,0.0
128,2024-06-29T17:53:06.491615,514.0,512.0,512.0,490.0,0.0
129,2024-06-29T17:53:06.491622,512.0,511.0,507.0,489.0,0.0
130,2024-06-29T17:53:06.491622,512.0,511.0,507.0,489.0,0.0
131,2024-06-29T17:53:06.491629,510.0,511.0,513.0,494.0,0.0
132,2024-06-29T17:53:06.491635,514.0,508.0,510.0,502.0,0.0
133,2024-06-29T17:53:06.491642,512.0,508.0,507.0,508.0,0.0
134,2024-06-29T17:53:06.491642,512.0,508.0,507.0,508.0,0.0
135,2024-06-29T17:53:06.491642,512.0,508.0,507.0,508.0,0.0
136,2024-06-29T17:53:06.491649,512.0,512.0,510.0,519.0,0.0
137,2024-06-29T17:53:06.491649,512.0,512.0,510.0,519.0,0.0
138,2024-06-29T17:53:06.491649,512.0,512.0,510.0,519.0,0.0
139,2024-06-29T17:53:06.491649,512.0,512.0,510.0,519.0,0.0
140,2024-06-29T17:53:06.491649,512.0,512.0,510.0,519.0,0.0
141,2024-06-29T17:53:06.491656,511.0,511.0,510.0,535.0,0.0
142,2024-06-29T17:53:06.491663,511.0,513.0,508.0,539.0,0.0
143,2024-06-29T17:53:06.491669,512.0,511.0,511.0,543.0,0.0
144,2024-06-29T17:53:06.491677,509.0,511.0,510.0,541.0,0.0
145,2024-06-29T17:53:06.491684,507.0,511.0,511.0,531.0,0.0
146,2024-06-29T17:53:06.491691,511.0,509.0,513.0,514.0,0.0
147,2024-06-29T17:53:06.491698,512.0,511.0,514.0,506.0,0.0
148,2024-06-29T17:53:06.491705,511.0,512.0,512.0,505.0,0.0
149,2024-06-29T17:53:06.491713,510.0,512.0,510.0,505.0,0.0
150,2024-06-29T17:53:06.491720,513.0,512.0,513.0,508.0,0.0
151,2024-06-29T17:53:06.491720,513.0,512.0,513.0,508.0,0.0
152,2024-06-29T17:53:06.491727,513.0,512.0,510.0,499.0,0.0
153,2024-06-29T17:53:06.491733,511.0,509.0,507.0,507.0,0.0
154,2024-06-29T17:53:06.491740,512.0,509.0,510.0,509.0,0.0
155,2024-06-29T17:53:06.491747,510.0,508.0,510.0,503.0,0.0
156,2024-06-29T17:53:06.491747,510.0,508.0,510.0,503.0,0.0
157,2024-06-29T17:53:06.491754,508.0,509.0,508.0,490.0,0.0
158,2024-06-29T17:53:06.491761,512.0,511.0,509.0,487.0,0.0
159,2024-06-29T17:53:06.491768,515.0,513.0,509.0,497.0,0.0
160,2024-06-29T17:53:06.491775,512.0,511.0,510.0,507.0,0.0
161,2024-06-29T17:53:06.491782,511.0,510.0,509.0,505.0,0.0
162,2024-06-29T17:53:06.491788,509.0,512.0,511.0,527.0,0.0
163,2024-06-29T17:53:06.491795,510.0,511.0,513.0,534.0,0.0
164,2024-06-29T17:53:06.491802,511.0,510.0,512.0,542.0,0.0
165,2024-06-29T17:53:06.491802,511.0,510.0,512.0,542.0,0.0
166,2024-06-29T17:53:06.491809,514.0,512.0,512.0,544.0,0.0
167,2024-06-29T17:53:06.491809,514.0,512.0,512.0,544.0,0.0
168,2024-06-29T17:53:06.491816,513.0,509.0,510.0,542.0,0.0
169,2024-06-29T17:53:06.491823,507.0,510.0,511.0,531.0,0.0
170,2024-06-29T17:53:06.491830,510.0,512.0,512.0,523.0,0.0
171,2024-06-29T17:53:06.491837,512.0,511.0,508.0,508.0,0.0
172,2024-06-29T17:53:06.491844,511.0,512.0,511.0,514.0,0.0
173,2024-06-29T17:53:06.491844,511.0,512.0,511.0,514.0,0.0
174,2024-06-29T17:53:06.491844,511.0,512.0,511.0,514.0,0.0
175,2024-06-29T17:53:06.491844,511.0,512.0,511.0,514.0,0.0
176,2024-06-29T17:53:06.491844,511.0,512.0,511.0,514.0,0.0
177,2024-06-29T17:53:06.491844,511.0,512.0,511.0,514.0,0.0
178,2024-06-29T17:53:06.491844,511.0,512.0,511.0,514.0,0.0
179,2024-06-29T17:53:06.491844,511.0,512.0,511.0,514.0,0.0
180,2024-06-29T17:53:06.491844,511.0,512.0,511.0,514.0,0.0
181,2024-06-29T17:53:06.491844,511.0,512.0,511.0,514.0,0.0
182,2024-06-29T17:53:06.491844,511.0,512.0,511.0,514.0,0.0
183,2024-06-29T17:53:06.491844,511.0,512.0,511.0,514.0,0.0
184,2024-06-29T17:53:06.491844,511.0,512.0,511.0,514.0,0.0
185,2024-06-29T17:53:06.491844,511.0,512.0,511.0,514.0,0.0
186,2024-06-29T17:53:06.491844,511.0,512.0,511.0,514.0,0.0
187,2024-06-29T17:53:06.491844,511.0,512.0,511.0,514.0,0.0
188,2024-06-29T17:53:06.491844,511.0,512.0,511.0,514.0,0.0
189,2024-06-29T17:53:06.491844,511.0,512.0,511.0,514.0,0.0
190,2024-06-29T17:53:06.491844,511.0,512.0,511.0,514.0,0.0
191,2024-06-29T17:53:06.491844,511.0,512.0,511.0,514.0,0.0
192,2024-06-29T17:53:06.491844,511.0,512.0,511.0,514.0,0.0
193,2024-06-29T17:53:06.491844,511.0,512.0,511.0,514.0,0.0
194,2024-06-29T17:53:06.491844,511.0,512.0,511.0,514.0,0.0
195,2024-06-29T17:53:06.491844,511.0,512.0,511.0,514.0,0.0
196,2024-06-29T17:53:06.491844,511.0,512.0,511.0,514.0,0.0
197,2024-06-29T17:53:06.491844,511.0,512.0,511.0,514.0,0.0
198,2024-06-29T17:53:06.491844,511.0,512.0,511.0,514.0,0.0
199,2024-06-29T17:53:06.491844,511.0,512.0,511.0,514.0,0.0
200,2024-06-29T17:53:06.491844,511.0,512.0,511.0,514.0,0.0
201,2024-06-29T17:53:06.491844,511.0,512.0,511.0,514.0,0.0
202,2024-06-29T17:53:06.491851,510.0,510.0,508.0,514.0,0.0
203,2024-06-29T17:53:06.491851,510.0,510.0,508.0,514.0,0.0
204,2024-06-29T17:53:06.491858,510.0,509.0,511.0,511.0,0.0
205,2024-06-29T17:53:06.491858,510.0,509.0,511.0,511.0,0.0
206,2024-06-29T17:53:06.491858,510.0,509.0,511.0,511.0,0.0
207,2024-06-29T17:53:06.491858,510.0,509.0,511.0,511.0,0.0
208,2024-06-29T17:53:06.491858,510.0,509.0,511.0,511.0,0.0
209,2024-06-29T17:53:06.491858,510.0,509.0,511.0,511.0,0.0
210,2024-06-29T17:53:06.491858,510.0,509.0,511.0,511.0,0.0
211,2024-06-29T17:53:06.491858,510.0,509.0,511.0,511.0,0.0
212,2024-06-29T17:53:06.491858,510.0,509.0,511.0,511.0,0.0
213,2024-06-29T17:53:06.491858,510.0,509.0,511.0,511.0,0.0
214,2024-06-29T17:53:06.491858,510.0,509.0,511.0,511.0,0.0
215,2024-06-29T17:53:06.491858,510.0,509.0,511.0,511.0,0.0
216,2024-06-29T17:53:06.491858,510.0,509.0,511.0,511.0,0.0
217,2024-06-29T17:53:06.491858,510.0,509.0,511.0,511.0,0.0
218,2024-06-29T17:53:06.491858,510.0,509.0,511.0,511.0,0.0
219,2024-06-29T17:53:06.491858,510.0,509.0,511.0,511.0,0.0
220,2024-06-29T17:53:06.491858,510.0,509.0,511.0,511.0,0.0
221,2024-06-29T17:53:06.491858,510.0,509.0,511.0,511.0,0.0
222,2024-06-29T17:53:06.491858,510.0,509.0,511.0,511.0,0.0
223,2024-06-29T17:53:06.491858,510.0,509.0,511.0,511.0,0.0
224,2024-06-29T17:53:06.491858,510.0,509.0,511.0,511.0,0.0
225,2024-06-29T17:53:06.491858,510.0,509.0,511.0,511.0,0.0
226,2024-06-29T17:53:06.491858,510.0,509.0,511.0,511.0,0.0
227,2024-06-29T17:53:06.491858,510.0,509.0,511.0,511.0,0.0
228,2024-06-29T17:53:06.491858,510.0,509.0,511.0,511.0,0.0
229,2024-06-29T17:53:06.491858,510.0,509.0,511.0,511.0,0.0
230,2024-06-29T17:53:06.491858,510.0,509.0,511.0,511.0,0.0
231,2024-06-29T17:53:06.491858,510.0,509.0,511.0,511.0,0.0
232,2024-06-29T17:53:06.491858,510.0,509.0,511.0,511.0,0.0
233,2024-06-29T17:53:06.491858,510.0,509.0,511.0,511.0,0.0
234,2024-06-29T17:53:06.491858,510.0,509.0,511.0,511.0,0.0
235,2024-06-29T17:53:06.491858,510.0,509.0,511.0,511.0,0.0
236,2024-06-29T17:53:06.491858,510.0,509.0,511.0,511.0,0.0
237,2024-06-29T17:53:06.491858,510.0,509.0,511.0,511.0,0.0
238,2024-06-29T17:53:06.491858,510.0,509.0,511.0,511.0,0.0
239,2024-06-29T17:53:06.491865,513.0,512.0,514.0,504.0,0.0
240,2024-06-29T17:53:06.491865,513.0,512.0,514.0,504.0,0.0
241,2024-06-29T17:53:06.491865,513.0,512.0,514.0,504.0,0.0
242,2024-06-29T17:53:06.491865,513.0,512.0,514.0,504.0,0.0
243,2024-06-29T17:53:06.491872,514.0,512.0,507.0,508.0,0.0
244,2024-06-29T17:53:06.491872,514.0,512.0,507.0,508.0,0.0
245,2024-06-29T17:53:06.491872,514.0,512.0,507.0,508.0,0.0
246,2024-06-29T17:53:06.491880,512.0,512.0,509.0,511.0,0.0
247,2024-06-29T17:53:06.491880,512.0,512.0,509.0,511.0,0.0
248,2024-06-29T17:53:06.491880,512.0,512.0,509.0,511.0,0.0
249,2024-06-29T17:53:06.491887,513.0,509.0,507.0,504.0,0.0
250,2024-06-29T17:53:06.491893,513.0,508.0,512.0,487.0,0.0
251,2024-06-29T17:53:06.491900,512.0,511.0,511.0,493.0,0.0
252,2024-06-29T17:53:06.491900,512.0,511.0,511.0,493.0,0.0
253,2024-06-29T17:53:06.491907,514.0,509.0,510.0,492.0,0.0
254,2024-06-29T17:53:06.491914,512.0,508.0,512.0,500.0,0.0
255,2024-06-29T17:53:06.491921,512.0,512.0,511.0,507.0,0.0
256,2024-06-29T17:53:06.491928,512.0,512.0,508.0,519.0,0.0
257,2024-06-29T17:53:06.491936,510.0,510.0,508.0,536.0,0.0
258,2024-06-29T17:53:06.491955,508.0,511.0,513.0,542.0,0.0
259,2024-06-29T17:53:06.491955,508.0,511.0,513.0,542.0,0.0
260,2024-06-29T17:53:06.491955,508.0,511.0,513.0,542.0,0.0
261,2024-06-29T17:53:06.491955,508.0,511.0,513.0,542.0,0.0
262,2024-06-29T17:53:06.491963,512.0,513.0,512.0,539.0,0.0
263,2024-06-29T17:53:06.491963,512.0,513.0,512.0,539.0,0.0
264,2024-06-29T17:53:06.491969,512.0,511.0,511.0,535.0,0.0
265,2024-06-29T17:53:06.491969,512.0,511.0,511.0,535.0,0.0
266,2024-06-29T17:53:06.491976,511.0,510.0,512.0,524.0,0.0
267,2024-06-29T17:53:06.491976,511.0,510.0,512.0,524.0,0.0
268,2024-06-29T17:53:06.491976,511.0,510.0,512.0,524.0,0.0
269,2024-06-29T17:53:06.491983,513.0,510.0,512.0,512.0,0.0
270,2024-06-29T17:53:06.491992,512.0,511.0,510.0,503.0,0.0
271,2024-06-29T17:53:06.491999,514.0,512.0,509.0,506.0,0.0
272,2024-06-29T17:53:06.491999,514.0,512.0,509.0,506.0,0.0
273,2024-06-29T17:53:06.492007,511.0,511.0,515.0,515.0,0.0
274,2024-06-29T17:53:06.492013,508.0,511.0,512.0,512.0,0.0
275,2024-06-29T17:53:06.492020,511.0,511.0,508.0,505.0,0.0
276,2024-06-29T17:53:06.492027,513.0,511.0,512.0,512.0,0.0
277,2024-06-29T17:53:06.492034,511.0,511.0,512.0,512.0,0.0
278,2024-06-29T17:53:06.492034,511.0,511.0,512.0,512.0,0.0
279,2024-06-29T17:53:06.492041,512.0,510.0,512.0,503.0,0.0
280,2024-06-29T17:53:06.492041,512.0,510.0,512.0,503.0,0.0
281,2024-06-29T17:53:06.492047,512.0,511.0,511.0,487.0,0.0
282,2024-06-29T17:53:06.492054,512.0,511.0,510.0,488.0,0.0
283,2024-06-29T17:53:06.492054,512.0,511.0,510.0,488.0,0.0
284,2024-06-29T17:53:06.492054,512.0,511.0,510.0,488.0,0.0
285,2024-06-29T17:53:06.492062,512.0,510.0,507.0,495.0,0.0
286,2024-06-29T17:53:06.492069,510.0,511.0,508.0,506.0,0.0
287,2024-06-29T17:53:06.492069,510.0,511.0,508.0,506.0,0.0
288,2024-06-29T17:53:06.492076,509.0,510.0,504.0,508.0,0.0
289,2024-06-29T17:53:06.492076,509.0,510.0,504.0,508.0,0.0
290,2024-06-29T17:53:06.492082,513.0,511.0,508.0,520.0,0.0
291,2024-06-29T17:53:06.492089,512.0,511.0,511.0,536.0,0.0
292,2024-06-29T17:53:06.492096,508.0,512.0,513.0,543.0,0.0
293,2024-06-29T17:53:06.492103,510.0,512.0,512.0,544.0,0.0
294,2024-06-29T17:53:06.492103,510.0,512.0,512.0,544.0,0.0
295,2024-06-29T17:53:06.492110,511.0,512.0,510.0,546.0,0.0
296,2024-06-29T17:53:06.492110,511.0,512.0,510.0,546.0,0.0
297,2024-06-29T17:53:06.492117,511.0,511.0,512.0,532.0,0.0
298,2024-06-29T17:53:06.492117,511.0,511.0,512.0,532.0,0.0
299,2024-06-29T17:53:06.492117,511.0,511.0,512.0,532.0,0.0
300,2024-06-29T17:53:06.492117,511.0,511.0,512.0,532.0,0.0
301,2024-06-29T17:53:06.492117,511.0,511.0,512.0,532.0,0.0
302,2024-06-29T17:53:06.492117,511.0,511.0,512.0,532.0,0.0
303,2024-06-29T17:53:06.492117,511.0,511.0,512.0,532.0,0.0
304,2024-06-29T17:53:06.492117,511.0,511.0,512.0,532.0,0.0
305,2024-06-29T17:53:06.492117,511.0,511.0,512.0,532.0,0.0
306,2024-06-29T17:53:06.492117,511.0,511.0,512.0,532.0,0.0
307,2024-06-29T17:53:06.492117,511.0,511.0,512.0,532.0,0.0
308,2024-06-29T17:53:06.492117,511.0,511.0,512.0,532.0,0.0
309,2024-06-29T17:53:06.492117,511.0,511.0,512.0,532.0,0.0
310,2024-06-29T17:53:06.492117,511.0,511.0,512.0,532.0,0.0
311,2024-06-29T17:53:06.492124,511.0,511.0,512.0,521.0,0.0
312,2024-06-29T17:53:06.492124,511.0,511.0,512.0,521.0,0.0
313,2024-06-29T17:53:06.492130,511.0,512.0,510.0,510.0,0.0
314,2024-06-29T17:53:06.492130,511.0,512.0,510.0,510.0,0.0
315,2024-06-29T17:53:06.492130,511.0,512.0,510.0,510.0,0.0
316,2024-06-29T17:53:06.492137,513.0,515.0,508.0,512.0,0.0
317,2024-06-29T17:53:06.492148,509.0,510.0,510.0,508.0,0.0
318,2024-06-29T17:53:06.492155,510.0,509.0,513.0,505.0,0.0
319,2024-06-29T17:53:06.492155,510.0,509.0,513.0,505.0,0.0
320,2024-06-29T17:53:06.492155,510.0,509.0,513.0,505.0,0.0
321,2024-06-29T17:53:06.492155,510.0,509.0,513.0,505.0,0.0
322,2024-06-29T17:53:06.492162,512.0,510.0,511.0,499.0,0.0
323,2024-06-29T17:53:06.492169,511.0,509.0,507.0,502.0,0.0
324,2024-06-29T17:53:06.492176,513.0,510.0,510.0,505.0,0.0
325,2024-06-29T17:53:06.492183,513.0,509.0,511.0,501.0,0.0
326,2024-06-29T17:53:06.492190,512.0,510.0,511.0,486.0,0.0
327,2024-06-29T17:53:06.492197,510.0,509.0,510.0,487.0,0.0
328,2024-06-29T17:53:06.492203,511.0,510.0,511.0,494.0,0.0
329,2024-06-29T17:53:06.492210,514.0,509.0,513.0,503.0,0.0
330,2024-06-29T17:53:06.492217,514.0,509.0,513.0,509.0,0.0
331,2024-06-29T17:53:06.492223,515.0,509.0,514.0,519.0,0.0
332,2024-06-29T17:53:06.492231,512.0,510.0,515.0,532.0,0.0
333,2024-06-29T17:53:06.492237,511.0,510.0,513.0,537.0,0.0
334,2024-06-29T17:53:06.492237,511.0,510.0,513.0,537.0,0.0
335,2024-06-29T17:53:06.492237,511.0,510.0,513.0,537.0,0.0
336,2024-06-29T17:53:06.492245,512.0,511.0,511.0,536.0,0.0
337,2024-06-29T17:53:06.492245,512.0,511.0,511.0,536.0,0.0
338,2024-06-29T17:53:06.492252,509.0,510.0,512.0,536.0,0.0
339,2024-06-29T17:53:06.492252,509.0,510.0,512.0,536.0,0.0
340,2024-06-29T17:53:06.492259,509.0,512.0,512.0,527.0,0.0
341,2024-06-29T17:53:06.492266,511.0,512.0,511.0,518.0,0.0
342,2024-06-29T17:53:06.492266,511.0,512.0,511.0,518.0,0.0
343,2024-06-29T17:53:06.492273,508.0,510.0,507.0,508.0,0.0
344,2024-06-29T17:53:06.492279,510.0,514.0,507.0,511.0,0.0
345,2024-06-29T17:53:06.492279,510.0,514.0,507.0,511.0,0.0
346,2024-06-29T17:53:06.492287,513.0,511.0,510.0,513.0,0.0
347,2024-06-29T17:53:06.492287,513.0,511.0,510.0,513.0,0.0
348,2024-06-29T17:53:06.492294,512.0,513.0,511.0,508.0,0.0
349,2024-06-29T17:53:06.492294,512.0,513.0,511.0,508.0,0.0
350,2024-06-29T17:53:06.492301,513.0,514.0,511.0,500.0,0.0
351,2024-06-29T17:53:06.492301,513.0,514.0,511.0,500.0,0.0
352,2024-06-29T17:53:06.492301,513.0,514.0,511.0,500.0,0.0
353,2024-06-29T17:53:06.492301,513.0,514.0,511.0,500.0,0.0
354,2024-06-29T17:53:06.492301,513.0,514.0,511.0,500.0,0.0
355,2024-06-29T17:53:06.492301,513.0,514.0,511.0,500.0,0.0
356,2024-06-29T17:53:06.492301,513.0,514.0,511.0,500.0,0.0
357,2024-06-29T17:53:06.492301,513.0,514.0,511.0,500.0,0.0
358,2024-06-29T17:53:06.492301,513.0,514.0,511.0,500.0,0.0
359,2024-06-29T17:53:06.492301,513.0,514.0,511.0,500.0,0.0
360,2024-06-29T17:53:06.492301,513.0,514.0,511.0,500.0,0.0
361,2024-06-29T17:53:06.492301,513.0,514.0,511.0,500.0,0.0
362,2024-06-29T17:53:06.492301,513.0,514.0,511.0,500.0,0.0
363,2024-06-29T17:53:06.492301,513.0,514.0,511.0,500.0,0.0
364,2024-06-29T17:53:06.492301,513.0,514.0,511.0,500.0,0.0
365,2024-06-29T17:53:06.492301,513.0,514.0,511.0,500.0,0.0
366,2024-06-29T17:53:06.492301,513.0,514.0,511.0,500.0,0.0
367,2024-06-29T17:53:06.492301,513.0,514.0,511.0,500.0,0.0
368,2024-06-29T17:53:06.492301,513.0,514.0,511.0,500.0,0.0
369,2024-06-29T17:53:06.492307,510.0,507.0,510.0,504.0,0.0
370,2024-06-29T17:53:06.492307,510.0,507.0,510.0,504.0,0.0
371,2024-06-29T17:53:06.492314,511.0,508.0,509.0,508.0,0.0
372,2024-06-29T17:53:06.492321,508.0,508.0,507.0,501.0,0.0
373,2024-06-29T17:53:06.492328,513.0,507.0,510.0,486.0,0.0
374,2024-06-29T17:53:06.492335,513.0,512.0,508.0,493.0,0.0
375,2024-06-29T17:53:06.492342,515.0,510.0,510.0,497.0,0.0
376,2024-06-29T17:53:06.492349,515.0,513.0,509.0,504.0,0.0
377,2024-06-29T17:53:06.492356,512.0,514.0,511.0,509.0,0.0
378,2024-06-29T17:53:06.492362,511.0,513.0,512.0,525.0,0.0
379,2024-06-29T17:53:06.492362,511.0,513.0,512.0,525.0,0.0
380,2024-06-29T17:53:06.492369,511.0,510.0,511.0,534.0,0.0
381,2024-06-29T17:53:06.492369,511.0,510.0,511.0,534.0,0.0
382,2024-06-29T17:53:06.492376,511.0,512.0,510.0,536.0,0.0
383,2024-06-29T17:53:06.492383,511.0,515.0,514.0,538.0,0.0
384,2024-06-29T17:53:06.492383,511.0,515.0,514.0,538.0,0.0
385,2024-06-29T17:53:06.492389,511.0,514.0,512.0,539.0,0.0
386,2024-06-29T17:53:06.492389,511.0,514.0,512.0,539.0,0.0
387,2024-06-29T17:53:06.492389,511.0,514.0,512.0,539.0,0.0
388,2024-06-29T17:53:06.492397,510.0,510.0,511.0,531.0,0.0
389,2024-06-29T17:53:06.492403,507.0,509.0,512.0,526.0,0.0
390,2024-06-29T17:53:06.492410,513.0,512.0,511.0,511.0,0.0
391,2024-06-29T17:53:06.492417,511.0,507.0,507.0,512.0,0.0
392,2024-06-29T17:53:06.492424,509.0,504.0,509.0,516.0,0.0
393,2024-06-29T17:53:06.492430,511.0,507.0,513.0,506.0,0.0
394,2024-06-29T17:53:06.492437,512.0,512.0,509.0,502.0,0.0
395,2024-06-29T17:53:06.492437,512.0,512.0,509.0,502.0,0.0
396,2024-06-29T17:53:06.492444,512.0,510.0,513.0,502.0,0.0
397,2024-06-29T17:53:06.492444,512.0,510.0,513.0,502.0,0.0
398,2024-06-29T17:53:06.492444,512.0,510.0,513.0,502.0,0.0
399,2024-06-29T17:53:06.492452,511.0,510.0,510.0,496.0,0.0
400,2024-06-29T17:53:06.492459,510.0,509.0,509.0,495.0,0.0
401,2024-06-29T17:53:06.492465,512.0,511.0,508.0,485.0,0.0
402,2024-06-29T17:53:06.492465,512.0,511.0,508.0,485.0,0.0
403,2024-06-29T17:53:06.492472,509.0,511.0,511.0,489.0,0.0
404,2024-06-29T17:53:06.492479,508.0,513.0,510.0,497.0,0.0
405,2024-06-29T17:53:06.492479,508.0,513.0,510.0,497.0,0.0
406,2024-06-29T17:53:06.492479,508.0,513.0,510.0,497.0,0.0
407,2024-06-29T17:53:06.492485,514.0,512.0,508.0,503.0,0.0
408,2024-06-29T17:53:06.492492,512.0,512.0,512.0,510.0,0.0
409,2024-06-29T17:53:06.492492,512.0,512.0,512.0,510.0,0.0
410,2024-06-29T17:53:06.492499,508.0,511.0,511.0,526.0,0.0
411,2024-06-29T17:53:06.492499,508.0,511.0,511.0,526.0,0.0
412,2024-06-29T17:53:06.492499,508.0,511.0,511.0,526.0,0.0
413,2024-06-29T17:53:06.492499,508.0,511.0,511.0,526.0,0.0
414,2024-06-29T17:53:06.492507,512.0,513.0,511.0,537.0,0.0
415,2024-06-29T17:53:06.492507,512.0,513.0,511.0,537.0,0.0
416,2024-06-29T17:53:06.492514,512.0,513.0,512.0,544.0,0.0
417,2024-06-29T17:53:06.492521,510.0,512.0,509.0,545.0,0.0
418,2024-06-29T17:53:06.492527,509.0,512.0,508.0,544.0,0.0
419,2024-06-29T17:53:06.492534,510.0,512.0,513.0,535.0,0.0
420,2024-06-29T17:53:06.492541,512.0,507.0,511.0,524.0,0.0
421,2024-06-29T17:53:06.492547,510.0,510.0,512.0,514.0,0.0
422,2024-06-29T17:53:06.492554,508.0,511.0,511.0,515.0,0.0
423,2024-06-29T17:53:06.492554,508.0,511.0,511.0,515.0,0.0
424,2024-06-29T17:53:06.492554,508.0,511.0,511.0,515.0,0.0
425,2024-06-29T17:53:06.492554,508.0,511.0,511.0,515.0,0.0
426,2024-06-29T17:53:06.492554,508.0,511.0,511.0,515.0,0.0
427,2024-06-29T17:53:06.492554,508.0,511.0,511.0,515.0,0.0
428,2024-06-29T17:53:06.492554,508.0,511.0,511.0,515.0,0.0
429,2024-06-29T17:53:06.492554,508.0,511.0,511.0,515.0,0.0
430,2024-06-29T17:53:06.492554,508.0,511.0,511.0,515.0,0.0
431,2024-06-29T17:53:06.492554,508.0,511.0,511.0,515.0,0.0
432,2024-06-29T17:53:06.492554,508.0,511.0,511.0,515.0,0.0
433,2024-06-29T17:53:06.492554,508.0,511.0,511.0,515.0,0.0
434,2024-06-29T17:53:06.492554,508.0,511.0,511.0,515.0,0.0
435,2024-06-29T17:53:06.492554,508.0,511.0,511.0,515.0,0.0
436,2024-06-29T17:53:06.492554,508.0,511.0,511.0,515.0,0.0
437,2024-06-29T17:53:06.492554,508.0,511.0,511.0,515.0,0.0
438,2024-06-29T17:53:06.492554,508.0,511.0,511.0,515.0,0.0
439,2024-06-29T17:53:06.492554,508.0,511.0,511.0,515.0,0.0
440,2024-06-29T17:53:06.492554,508.0,511.0,511.0,515.0,0.0
441,2024-06-29T17:53:06.492554,508.0,511.0,511.0,515.0,0.0
442,2024-06-29T17:53:06.492554,508.0,511.0,511.0,515.0,0.0
443,2024-06-29T17:53:06.492554,508.0,511.0,511.0,515.0,0.0
444,2024-06-29T17:53:06.492554,508.0,511.0,511.0,515.0,0.0
445,2024-06-29T17:53:06.492554,508.0,511.0,511.0,515.0,0.0
446,2024-06-29T17:53:06.492554,508.0,511.0,511.0,515.0,0.0
447,2024-06-29T17:53:06.492554,508.0,511.0,511.0,515.0,0.0
448,2024-06-29T17:53:06.492554,508.0,511.0,511.0,515.0,0.0
449,2024-06-29T17:53:06.492554,508.0,511.0,511.0,515.0,0.0
450,2024-06-29T17:53:06.492554,508.0,511.0,511.0,515.0,0.0
451,2024-06-29T17:53:06.492554,508.0,511.0,511.0,515.0,0.0
452,2024-06-29T17:53:06.492554,508.0,511.0,511.0,515.0,0.0
453,2024-06-29T17:53:06.492554,508.0,511.0,511.0,515.0,0.0
454,2024-06-29T17:53:06.492554,508.0,511.0,511.0,515.0,0.0
455,2024-06-29T17:53:06.492554,508.0,511.0,511.0,515.0,0.0
456,2024-06-29T17:53:06.492554,508.0,511.0,511.0,515.0,0.0
457,2024-06-29T17:53:06.492554,508.0,511.0,511.0,515.0,0.0
458,2024-06-29T17:53:06.492554,508.0,511.0,511.0,515.0,0.0
459,2024-06-29T17:53:06.492554,508.0,511.0,511.0,515.0,0.0
460,2024-06-29T17:53:06.492554,508.0,511.0,511.0,515.0,0.0
461,2024-06-29T17:53:06.492554,508.0,511.0,511.0,515.0,0.0
462,2024-06-29T17:53:06.492554,508.0,511.0,511.0,515.0,0.0
463,2024-06-29T17:53:06.492554,508.0,511.0,511.0,515.0,0.0
464,2024-06-29T17:53:06.492554,508.0,511.0,511.0,515.0,0.0
465,2024-06-29T17:53:06.492554,508.0,511.0,511.0,515.0,0.0
466,2024-06-29T17:53:06.492554,508.0,511.0,511.0,515.0,0.0
467,2024-06-29T17:53:06.492554,508.0,511.0,511.0,515.0,0.0
468,2024-06-29T17:53:06.492554,508.0,511.0,511.0,515.0,0.0
469,2024-06-29T17:53:06.492554,508.0,511.0,511.0,515.0,0.0
470,2024-06-29T17:53:06.492554,508.0,511.0,511.0,515.0,0.0
471,2024-06-29T17:53:06.492554,508.0,511.0,511.0,515.0,0.0
472,2024-06-29T17:53:06.492554,508.0,511.0,511.0,515.0,0.0
473,2024-06-29T17:53:06.492554,508.0,511.0,511.0,515.0,0.0
474,2024-06-29T17:53:06.492562,510.0,510.0,507.0,510.0,0.0
475,2024-06-29T17:53:06.492568,515.0,510.0,510.0,505.0,0.0
476,2024-06-29T17:53:06.492568,515.0,510.0,510.0,505.0,0.0
477,2024-06-29T17:53:06.492575,517.0,513.0,508.0,499.0,0.0
478,2024-06-29T17:53:06.492582,511.0,511.0,509.0,505.0,0.0
479,2024-06-29T17:53:06.492582,511.0,511.0,509.0,505.0,0.0
480,2024-06-29T17:53:06.492589,513.0,511.0,513.0,507.0,0.0
481,2024-06-29T17:53:06.492595,512.0,512.0,511.0,502.0,0.0
482,2024-06-29T17:53:06.492595,512.0,512.0,511.0,502.0,0.0
483,2024-06-29T17:53:06.492602,514.0,511.0,510.0,484.0,0.0
484,2024-06-29T17:53:06.492609,515.0,512.0,510.0,484.0,0.0
485,2024-06-29T17:53:06.492609,515.0,512.0,510.0,484.0,0.0
486,2024-06-29T17:53:06.492609,515.0,512.0,510.0,484.0,0.0
487,2024-06-29T17:53:06.492616,513.0,512.0,512.0,492.0,0.0
488,2024-06-29T17:53:06.492623,511.0,512.0,512.0,504.0,0.0
489,2024-06-29T17:53:06.492623,511.0,512.0,512.0,504.0,0.0
490,2024-06-29T17:53:06.492623,511.0,512.0,512.0,504.0,0.0
491,2024-06-29T17:53:06.492623,511.0,512.0,512.0,504.0,0.0
492,2024-06-29T17:53:06.492630,511.0,511.0,509.0,509.0,0.0
493,2024-06-29T17:53:06.492630,511.0,511.0,509.0,509.0,0.0
494,2024-06-29T17:53:06.492636,509.0,512.0,509.0,519.0,0.0
495,2024-06-29T17:53:06.492636,509.0,512.0,509.0,519.0,0.0
496,2024-06-29T17:53:06.492643,508.0,509.0,511.0,529.0,0.0
497,2024-06-29T17:53:06.492650,509.0,508.0,513.0,539.0,0.0
498,2024-06-29T17:53:06.492656,512.0,510.0,511.0,542.0,0.0
499,2024-06-29T17:53:06.492663,511.0,513.0,509.0,542.0,0.0
500,2024-06-29T17:53:06.492663,511.0,513.0,509.0,542.0,0.0
501,2024-06-29T17:53:06.492663,511.0,513.0,509.0,542.0,0.0
502,2024-06-29T17:53:06.492671,512.0,511.0,509.0,533.0,0.0
503,2024-06-29T17:53:06.492671,512.0,511.0,509.0,533.0,0.0
504,2024-06-29T17:53:06.492678,513.0,513.0,510.0,520.0,0.0
505,2024-06-29T17:53:06.492678,513.0,513.0,510.0,520.0,0.0
506,2024-06-29T17:53:06.492684,513.0,511.0,514.0,508.0,0.0
507,2024-06-29T17:53:06.492691,509.0,513.0,512.0,514.0,0.0
508,2024-06-29T17:53:06.492698,510.0,512.0,510.0,512.0,0.0
509,2024-06-29T17:53:06.492704,511.0,510.0,509.0,505.0,0.0
510,2024-06-29T17:53:06.492711,511.0,510.0,513.0,504.0,0.0
511,2024-06-29T17:53:06.492711,511.0,510.0,513.0,504.0,0.0
512,2024-06-29T17:53:06.492711,511.0,510.0,513.0,504.0,0.0
513,2024-06-29T17:53:06.492718,510.0,508.0,510.0,507.0,0.0
514,2024-06-29T17:53:06.492718,510.0,508.0,510.0,507.0,0.0
515,2024-06-29T17:53:06.492725,509.0,508.0,514.0,508.0,0.0
516,2024-06-29T17:53:06.492732,509.0,505.0,512.0,499.0,0.0
517,2024-06-29T17:53:06.492738,514.0,507.0,512.0,484.0,0.0
518,2024-06-29T17:53:06.492745,514.0,509.0,510.0,489.0,0.0
519,2024-06-29T17:53:06.492752,514.0,511.0,512.0,495.0,0.0
520,2024-06-29T17:53:06.492758,510.0,510.0,510.0,505.0,0.0
521,2024-06-29T17:53:06.492765,513.0,511.0,507.0,511.0,0.0
522,2024-06-29T17:53:06.492772,513.0,509.0,509.0,527.0,0.0
523,2024-06-29T17:53:06.492772,513.0,509.0,509.0,527.0,0.0
524,2024-06-29T17:53:06.492779,513.0,512.0,511.0,538.0,0.0
525,2024-06-29T17:53:06.492786,511.0,513.0,509.0,543.0,0.0
526,2024-06-29T17:53:06.492793,512.0,509.0,507.0,539.0,0.0
527,2024-06-29T17:53:06.492800,512.0,510.0,509.0,535.0,0.0
528,2024-06-29T17:53:06.492800,512.0,510.0,509.0,535.0,0.0
529,2024-06-29T17:53:06.492807,512.0,512.0,512.0,529.0,0.0
530,2024-06-29T17:53:06.492815,510.0,512.0,513.0,522.0,0.0
531,2024-06-29T17:53:06.492815,510.0,512.0,513.0,522.0,0.0
532,2024-06-29T17:53:06.492815,510.0,512.0,513.0,522.0,0.0
533,2024-06-29T17:53:06.492822,505.0,513.0,515.0,513.0,0.0
534,2024-06-29T17:53:06.492822,505.0,513.0,515.0,513.0,0.0
535,2024-06-29T17:53:06.492829,509.0,512.0,511.0,522.0,0.0
536,2024-06-29T17:53:06.492836,513.0,512.0,514.0,521.0,0.0
537,2024-06-29T17:53:06.492847,513.0,510.0,507.0,517.0,0.0
538,2024-06-29T17:53:06.492847,513.0,510.0,507.0,517.0,0.0
539,2024-06-29T17:53:06.492855,512.0,511.0,508.0,508.0,0.0
540,2024-06-29T17:53:06.492855,512.0,511.0,508.0,508.0,0.0
541,2024-06-29T17:53:06.492855,512.0,511.0,508.0,508.0,0.0
542,2024-06-29T17:53:06.492862,511.0,512.0,510.0,506.0,0.0
543,2024-06-29T17:53:06.492869,511.0,512.0,509.0,508.0,0.0
544,2024-06-29T17:53:06.492875,512.0,512.0,510.0,497.0,0.0
545,2024-06-29T17:53:06.492882,515.0,511.0,511.0,486.0,0.0
546,2024-06-29T17:53:06.492889,512.0,512.0,510.0,486.0,0.0
547,2024-06-29T17:53:06.492896,513.0,510.0,507.0,496.0,0.0
548,2024-06-29T17:53:06.492903,511.0,508.0,508.0,503.0,0.0
549,2024-06-29T17:53:06.492903,511.0,508.0,508.0,503.0,0.0
550,2024-06-29T17:53:06.492914,511.0,511.0,510.0,508.0,0.0
551,2024-06-29T17:53:06.492914,511.0,511.0,510.0,508.0,0.0
552,2024-06-29T17:53:06.492921,509.0,513.0,512.0,521.0,0.0
553,2024-06-29T17:53:06.492928,510.0,512.0,512.0,533.0,0.0
554,2024-06-29T17:53:06.492935,511.0,511.0,509.0,543.0,0.0
555,2024-06-29T17:53:06.492935,511.0,511.0,509.0,543.0,0.0
556,2024-06-29T17:53:06.492935,511.0,511.0,509.0,543.0,0.0
557,2024-06-29T17:53:06.492935,511.0,511.0,509.0,543.0,0.0
558,2024-06-29T17:53:06.492942,510.0,511.0,507.0,544.0,0.0
559,2024-06-29T17:53:06.492949,512.0,510.0,511.0,541.0,0.0
560,2024-06-29T17:53:06.492949,512.0,510.0,511.0,541.0,0.0
561,2024-06-29T17:53:06.492949,512.0,510.0,511.0,541.0,0.0
562,2024-06-29T17:53:06.492956,513.0,514.0,516.0,531.0,0.0
563,2024-06-29T17:53:06.492963,512.0,512.0,513.0,523.0,0.0
564,2024-06-29T17:53:06.492970,511.0,510.0,510.0,510.0,0.0
565,2024-06-29T17:53:06.492970,511.0,510.0,510.0,510.0,0.0
566,2024-06-29T17:53:06.492970,511.0,510.0,510.0,510.0,0.0
567,2024-06-29T17:53:06.492970,511.0,510.0,510.0,510.0,0.0
568,2024-06-29T17:53:06.492970,511.0,510.0,510.0,510.0,0.0
569,2024-06-29T17:53:06.492970,511.0,510.0,510.0,510.0,0.0
570,2024-06-29T17:53:06.492970,511.0,510.0,510.0,510.0,0.0
571,2024-06-29T17:53:06.492970,511.0,510.0,510.0,510.0,0.0
572,2024-06-29T17:53:06.492970,511.0,510.0,510.0,510.0,0.0
573,2024-06-29T17:53:06.492970,511.0,510.0,510.0,510.0,0.0
574,2024-06-29T17:53:06.492970,511.0,510.0,510.0,510.0,0.0
575,2024-06-29T17:53:06.492970,511.0,510.0,510.0,510.0,0.0
576,2024-06-29T17:53:06.492977,510.0,511.0,512.0,507.0,0.0
577,2024-06-29T17:53:06.492984,509.0,509.0,511.0,508.0,0.0
578,2024-06-29T17:53:06.492984,509.0,509.0,511.0,508.0,0.0
579,2024-06-29T17:53:06.492984,509.0,509.0,511.0,508.0,0.0
580,2024-06-29T17:53:06.492984,509.0,509.0,511.0,508.0,0.0
581,2024-06-29T17:53:06.492984,509.0,509.0,511.0,508.0,0.0
582,2024-06-29T17:53:06.492991,511.0,507.0,516.0,508.0,0.0
583,2024-06-29T17:53:06.492998,512.0,508.0,512.0,504.0,0.0
584,2024-06-29T17:53:06.493004,511.0,507.0,509.0,506.0,0.0
585,2024-06-29T17:53:06.493012,510.0,510.0,511.0,504.0,0.0
586,2024-06-29T17:53:06.493019,515.0,511.0,508.0,497.0,0.0
587,2024-06-29T17:53:06.493019,515.0,511.0,508.0,497.0,0.0
588,2024-06-29T17:53:06.493019,515.0,511.0,508.0,497.0,0.0
589,2024-06-29T17:53:06.493026,515.0,513.0,509.0,483.0,0.0
590,2024-06-29T17:53:06.493033,512.0,512.0,511.0,485.0,0.0
591,2024-06-29T17:53:06.493040,512.0,509.0,508.0,496.0,0.0
592,2024-06-29T17:53:06.493047,511.0,511.0,511.0,507.0,0.0
593,2024-06-29T17:53:06.493054,512.0,509.0,510.0,505.0,0.0
594,2024-06-29T17:53:06.493061,512.0,509.0,509.0,519.0,0.0
595,2024-06-29T17:53:06.493069,514.0,509.0,509.0,527.0,0.0
596,2024-06-29T17:53:06.493069,514.0,509.0,509.0,527.0,0.0
597,2024-06-29T17:53:06.493069,514.0,509.0,509.0,527.0,0.0
598,2024-06-29T17:53:06.493075,513.0,508.0,508.0,530.0,0.0
599,2024-06-29T17:53:06.493075,513.0,508.0,508.0,530.0,0.0
600,2024-06-29T17:53:06.493075,513.0,508.0,508.0,530.0,0.0
601,2024-06-29T17:53:06.493075,513.0,508.0,508.0,530.0,0.0
602,2024-06-29T17:53:06.493082,512.0,512.0,508.0,536.0,0.0
603,2024-06-29T17:53:06.493082,512.0,512.0,508.0,536.0,0.0
604,2024-06-29T17:53:06.493089,509.0,511.0,511.0,540.0,0.0
605,2024-06-29T17:53:06.493096,507.0,509.0,515.0,528.0,0.0
606,2024-06-29T17:53:06.493096,507.0,509.0,515.0,528.0,0.0
607,2024-06-29T17:53:06.493103,509.0,511.0,518.0,523.0,0.0
608,2024-06-29T17:53:06.493103,509.0,511.0,518.0,523.0,0.0
609,2024-06-29T17:53:06.493103,509.0,511.0,518.0,523.0,0.0
610,2024-06-29T17:53:06.493103,509.0,511.0,518.0,523.0,0.0
611,2024-06-29T17:53:06.493103,509.0,511.0,518.0,523.0,0.0
612,2024-06-29T17:53:06.493103,509.0,511.0,518.0,523.0,0.0
613,2024-06-29T17:53:06.493103,509.0,511.0,518.0,523.0,0.0
614,2024-06-29T17:53:06.493103,509.0,511.0,518.0,523.0,0.0
615,2024-06-29T17:53:06.493103,509.0,511.0,518.0,523.0,0.0
616,2024-06-29T17:53:06.493103,509.0,511.0,518.0,523.0,0.0
617,2024-06-29T17:53:06.493103,509.0,511.0,518.0,523.0,0.0
618,2024-06-29T17:53:06.493103,509.0,511.0,518.0,523.0,0.0
619,2024-06-29T17:53:06.493103,509.0,511.0,518.0,523.0,0.0
620,2024-06-29T17:53:06.493103,509.0,511.0,518.0,523.0,0.0
621,2024-06-29T17:53:06.493103,509.0,511.0,518.0,523.0,0.0
622,2024-06-29T17:53:06.493103,509.0,511.0,518.0,523.0,0.0
623,2024-06-29T17:53:06.493110,511.0,513.0,510.0,509.0,0.0
624,2024-06-29T17:53:06.493110,511.0,513.0,510.0,509.0,0.0
625,2024-06-29T17:53:06.493116,510.0,514.0,506.0,511.0,0.0
626,2024-06-29T17:53:06.493124,508.0,510.0,511.0,511.0,0.0
627,2024-06-29T17:53:06.493131,510.0,514.0,511.0,512.0,0.0
628,2024-06-29T17:53:06.493138,510.0,512.0,508.0,503.0,0.0
629,2024-06-29T17:53:06.493138,510.0,512.0,508.0,503.0,0.0
630,2024-06-29T17:53:06.493149,511.0,513.0,507.0,507.0,0.0
631,2024-06-29T17:53:06.493155,511.0,513.0,512.0,505.0,0.0
632,2024-06-29T17:53:06.493162,512.0,513.0,514.0,496.0,0.0
633,2024-06-29T17:53:06.493169,515.0,512.0,509.0,489.0,0.0
634,2024-06-29T17:53:06.493169,515.0,512.0,509.0,489.0,0.0
635,2024-06-29T17:53:06.493176,512.0,511.0,508.0,491.0,0.0
636,2024-06-29T17:53:06.493176,512.0,511.0,508.0,491.0,0.0
637,2024-06-29T17:53:06.493184,512.0,510.0,510.0,497.0,0.0
638,2024-06-29T17:53:06.493191,512.0,510.0,510.0,507.0,0.0
639,2024-06-29T17:53:06.493198,510.0,508.0,510.0,507.0,0.0
640,2024-06-29T17:53:06.493204,514.0,509.0,511.0,524.0,0.0
641,2024-06-29T17:53:06.493204,514.0,509.0,511.0,524.0,0.0
642,2024-06-29T17:53:06.493204,514.0,509.0,511.0,524.0,0.0
643,2024-06-29T17:53:06.493211,510.0,510.0,512.0,537.0,0.0
644,2024-06-29T17:53:06.493211,510.0,510.0,512.0,537.0,0.0
645,2024-06-29T17:53:06.493218,514.0,509.0,512.0,544.0,0.0
646,2024-06-29T17:53:06.493225,513.0,510.0,509.0,542.0,0.0
647,2024-06-29T17:53:06.493225,513.0,510.0,509.0,542.0,0.0
648,2024-06-29T17:53:06.493225,513.0,510.0,509.0,542.0,0.0
649,2024-06-29T17:53:06.493232,512.0,510.0,511.0,540.0,0.0
650,2024-06-29T17:53:06.493232,512.0,510.0,511.0,540.0,0.0
651,2024-06-29T17:53:06.493240,512.0,512.0,512.0,532.0,0.0
652,2024-06-29T17:53:06.493246,512.0,512.0,511.0,527.0,0.0
653,2024-06-29T17:53:06.493253,513.0,513.0,509.0,512.0,0.0
654,2024-06-29T17:53:06.493253,513.0,513.0,509.0,512.0,0.0
655,2024-06-29T17:53:06.493253,513.0,513.0,509.0,512.0,0.0
656,2024-06-29T17:53:06.493253,513.0,513.0,509.0,512.0,0.0
657,2024-06-29T17:53:06.493260,510.0,512.0,509.0,512.0,0.0
658,2024-06-29T17:53:06.493267,511.0,514.0,511.0,510.0,0.0
659,2024-06-29T17:53:06.493274,511.0,508.0,512.0,512.0,0.0
660,2024-06-29T17:53:06.493274,511.0,508.0,512.0,512.0,0.0
661,2024-06-29T17:53:06.493281,512.0,509.0,509.0,505.0,0.0
662,2024-06-29T17:53:06.493287,512.0,510.0,512.0,505.0,0.0
663,2024-06-29T17:53:06.493295,511.0,511.0,513.0,504.0,0.0
664,2024-06-29T17:53:06.493302,510.0,510.0,511.0,500.0,0.0
665,2024-06-29T17:53:06.493309,513.0,512.0,510.0,487.0,0.0
666,2024-06-29T17:53:06.493563,511.0,511.0,511.0,489.0,0.0
667,2024-06-29T17:53:06.493563,511.0,511.0,511.0,489.0,0.0
668,2024-06-29T17:53:06.493575,512.0,510.0,513.0,497.0,0.0
669,2024-06-29T17:53:06.493575,512.0,510.0,513.0,497.0,0.0
670,2024-06-29T17:53:06.493582,511.0,508.0,511.0,507.0,0.0
671,2024-06-29T17:53:06.493589,511.0,509.0,511.0,512.0,0.0
672,2024-06-29T17:53:06.493596,511.0,509.0,508.0,524.0,0.0
673,2024-06-29T17:53:06.493596,511.0,509.0,508.0,524.0,0.0
674,2024-06-29T17:53:06.493596,511.0,509.0,508.0,524.0,0.0
675,2024-06-29T17:53:06.493596,511.0,509.0,508.0,524.0,0.0
676,2024-06-29T17:53:06.493596,511.0,509.0,508.0,524.0,0.0
677,2024-06-29T17:53:06.493596,511.0,509.0,508.0,524.0,0.0
678,2024-06-29T17:53:06.493596,511.0,509.0,508.0,524.0,0.0
679,2024-06-29T17:53:06.493596,511.0,509.0,508.0,524.0,0.0
680,2024-06-29T17:53:06.493596,511.0,509.0,508.0,524.0,0.0
681,2024-06-29T17:53:06.493596,511.0,509.0,508.0,524.0,0.0
682,2024-06-29T17:53:06.493596,511.0,509.0,508.0,524.0,0.0
683,2024-06-29T17:53:06.493596,511.0,509.0,508.0,524.0,0.0
684,2024-06-29T17:53:06.493596,511.0,509.0,508.0,524.0,0.0
685,2024-06-29T17:53:06.493596,511.0,509.0,508.0,524.0,0.0
686,2024-06-29T17:53:06.493596,511.0,509.0,508.0,524.0,0.0
687,2024-06-29T17:53:06.493596,511.0,509.0,508.0,524.0,0.0
688,2024-06-29T17:53:06.493596,511.0,509.0,508.0,524.0,0.0
689,2024-06-29T17:53:06.493596,511.0,509.0,508.0,524.0,0.0
690,2024-06-29T17:53:06.493596,511.0,509.0,508.0,524.0,0.0
691,2024-06-29T17:53:06.493613,511.0,510.0,507.0,532.0,0.0
692,2024-06-29T17:53:06.493613,511.0,510.0,507.0,532.0,0.0
693,2024-06-29T17:53:06.493613,511.0,510.0,507.0,532.0,0.0
694,2024-06-29T17:53:06.493622,510.0,512.0,508.0,543.0,0.0
695,2024-06-29T17:53:06.493629,512.0,512.0,513.0,546.0,0.0
696,2024-06-29T17:53:06.493629,512.0,512.0,513.0,546.0,0.0
697,2024-06-29T17:53:06.493629,512.0,512.0,513.0,546.0,0.0
698,2024-06-29T17:53:06.493629,512.0,512.0,513.0,546.0,0.0
699,2024-06-29T17:53:06.493635,511.0,514.0,509.0,542.0,0.0
700,2024-06-29T17:53:06.493635,511.0,514.0,509.0,542.0,0.0
701,2024-06-29T17:53:06.493642,512.0,511.0,512.0,534.0,0.0
702,2024-06-29T17:53:06.493649,512.0,513.0,514.0,519.0,0.0
703,2024-06-29T17:53:06.493649,512.0,513.0,514.0,519.0,0.0
704,2024-06-29T17:53:06.493656,510.0,513.0,511.0,508.0,0.0
705,2024-06-29T17:53:06.493656,510.0,513.0,511.0,508.0,0.0
706,2024-06-29T17:53:06.493656,510.0,513.0,511.0,508.0,0.0
707,2024-06-29T17:53:06.493663,511.0,513.0,512.0,510.0,0.0
708,2024-06-29T17:53:06.493663,511.0,513.0,512.0,510.0,0.0
709,2024-06-29T17:53:06.493670,509.0,512.0,512.0,513.0,0.0
710,2024-06-29T17:53:06.493677,512.0,512.0,507.0,510.0,0.0
711,2024-06-29T17:53:06.493677,512.0,512.0,507.0,510.0,0.0
712,2024-06-29T17:53:06.493684,513.0,511.0,510.0,494.0,0.0
713,2024-06-29T17:53:06.493691,512.0,513.0,515.0,499.0,0.0
714,2024-06-29T17:53:06.493697,512.0,513.0,514.0,506.0,0.0
715,2024-06-29T17:53:06.493697,512.0,513.0,514.0,506.0,0.0
716,2024-06-29T17:53:06.493697,512.0,513.0,514.0,506.0,0.0
717,2024-06-29T17:53:06.493704,512.0,509.0,508.0,495.0,0.0
718,2024-06-29T17:53:06.493711,512.0,507.0,505.0,484.0,0.0
719,2024-06-29T17:53:06.493718,512.0,508.0,512.0,483.0,0.0
720,2024-06-29T17:53:06.493725,510.0,508.0,509.0,492.0,0.0
721,2024-06-29T17:53:06.493732,510.0,508.0,509.0,500.0,0.0
722,2024-06-29T17:53:06.493739,510.0,508.0,511.0,505.0,0.0
723,2024-06-29T17:53:06.493746,509.0,510.0,510.0,519.0,0.0
724,2024-06-29T17:53:06.493746,509.0,510.0,510.0,519.0,0.0
725,2024-06-29T17:53:06.493753,512.0,511.0,509.0,533.0,0.0
726,2024-06-29T17:53:06.493760,512.0,510.0,511.0,545.0,0.0
727,2024-06-29T17:53:06.493767,509.0,512.0,511.0,542.0,0.0
728,2024-06-29T17:53:06.493774,511.0,512.0,509.0,544.0,0.0
729,2024-06-29T17:53:06.493782,509.0,511.0,510.0,535.0,0.0
730,2024-06-29T17:53:06.493782,509.0,511.0,510.0,535.0,0.0
731,2024-06-29T17:53:06.493782,509.0,511.0,510.0,535.0,0.0
732,2024-06-29T17:53:06.493788,510.0,511.0,512.0,523.0,0.0
733,2024-06-29T17:53:06.493795,514.0,509.0,509.0,513.0,0.0
734,2024-06-29T17:53:06.493802,511.0,511.0,509.0,512.0,0.0
735,2024-06-29T17:53:06.493802,511.0,511.0,509.0,512.0,0.0
736,2024-06-29T17:53:06.493809,512.0,515.0,510.0,508.0,0.0
737,2024-06-29T17:53:06.493816,511.0,513.0,511.0,505.0,0.0
738,2024-06-29T17:53:06.493823,510.0,512.0,511.0,497.0,0.0
739,2024-06-29T17:53:06.493835,511.0,513.0,511.0,505.0,0.0
740,2024-06-29T17:53:06.493843,514.0,512.0,512.0,507.0,0.0
741,2024-06-29T17:53:06.493843,514.0,512.0,512.0,507.0,0.0
742,2024-06-29T17:53:06.493843,514.0,512.0,512.0,507.0,0.0
743,2024-06-29T17:53:06.493850,514.0,511.0,513.0,507.0,0.0
744,2024-06-29T17:53:06.493850,514.0,511.0,513.0,507.0,0.0
745,2024-06-29T17:53:06.493856,513.0,511.0,511.0,492.0,0.0
746,2024-06-29T17:53:06.493856,513.0,511.0,511.0,492.0,0.0
747,2024-06-29T17:53:06.493863,513.0,509.0,508.0,491.0,0.0
748,2024-06-29T17:53:06.493863,513.0,509.0,508.0,491.0,0.0
749,2024-06-29T17:53:06.493870,512.0,507.0,508.0,498.0,0.0
750,2024-06-29T17:53:06.493877,510.0,505.0,509.0,506.0,0.0
751,2024-06-29T17:53:06.493877,510.0,505.0,509.0,506.0,0.0
752,2024-06-29T17:53:06.493884,512.0,506.0,508.0,504.0,0.0
753,2024-06-29T17:53:06.493884,512.0,506.0,508.0,504.0,0.0
754,2024-06-29T17:53:06.493891,511.0,510.0,511.0,521.0,0.0
755,2024-06-29T17:53:06.493898,512.0,509.0,512.0,533.0,0.0
756,2024-06-29T17:53:06.493905,512.0,508.0,509.0,538.0,0.0
757,2024-06-29T17:53:06.493905,512.0,508.0,509.0,538.0,0.0
758,2024-06-29T17:53:06.493905,512.0,508.0,509.0,538.0,0.0
759,2024-06-29T17:53:06.493912,512.0,511.0,512.0,542.0,0.0
760,2024-06-29T17:53:06.493919,511.0,512.0,512.0,541.0,0.0
761,2024-06-29T17:53:06.493919,511.0,512.0,512.0,541.0,0.0
762,2024-06-29T17:53:06.493919,511.0,512.0,512.0,541.0,0.0
763,2024-06-29T17:53:06.493919,511.0,512.0,512.0,541.0,0.0
764,2024-06-29T17:53:06.493919,511.0,512.0,512.0,541.0,0.0
765,2024-06-29T17:53:06.493919,511.0,512.0,512.0,541.0,0.0
766,2024-06-29T17:53:06.493919,511.0,512.0,512.0,541.0,0.0
767,2024-06-29T17:53:06.493919,511.0,512.0,512.0,541.0,0.0
768,2024-06-29T17:53:06.493919,511.0,512.0,512.0,541.0,0.0
769,2024-06-29T17:53:06.493919,511.0,512.0,512.0,541.0,0.0
770,2024-06-29T17:53:06.493919,511.0,512.0,512.0,541.0,0.0
771,2024-06-29T17:53:06.493919,511.0,512.0,512.0,541.0,0.0
772,2024-06-29T17:53:06.493919,511.0,512.0,512.0,541.0,0.0
773,2024-06-29T17:53:06.493919,511.0,512.0,512.0,541.0,0.0
774,2024-06-29T17:53:06.493919,511.0,512.0,512.0,541.0,0.0
775,2024-06-29T17:53:06.493919,511.0,512.0,512.0,541.0,0.0
776,2024-06-29T17:53:06.493919,511.0,512.0,512.0,541.0,0.0
777,2024-06-29T17:53:06.493919,511.0,512.0,512.0,541.0,0.0
778,2024-06-29T17:53:06.493919,511.0,512.0,512.0,541.0,0.0
779,2024-06-29T17:53:06.493919,511.0,512.0,512.0,541.0,0.0
780,2024-06-29T17:53:06.493919,511.0,512.0,512.0,541.0,0.0
781,2024-06-29T17:53:06.493919,511.0,512.0,512.0,541.0,0.0
782,2024-06-29T17:53:06.493919,511.0,512.0,512.0,541.0,0.0
783,2024-06-29T17:53:06.493919,511.0,512.0,512.0,541.0,0.0
784,2024-06-29T17:53:06.493919,511.0,512.0,512.0,541.0,0.0
785,2024-06-29T17:53:06.493919,511.0,512.0,512.0,541.0,0.0
786,2024-06-29T17:53:06.493919,511.0,512.0,512.0,541.0,0.0
787,2024-06-29T17:53:06.493919,511.0,512.0,512.0,541.0,0.0
788,2024-06-29T17:53:06.493919,511.0,512.0,512.0,541.0,0.0
789,2024-06-29T17:53:06.493919,511.0,512.0,512.0,541.0,0.0
790,2024-06-29T17:53:06.493919,511.0,512.0,512.0,541.0,0.0
791,2024-06-29T17:53:06.493919,511.0,512.0,512.0,541.0,0.0
792,2024-06-29T17:53:06.493919,511.0,512.0,512.0,541.0,0.0
793,2024-06-29T17:53:06.493926,511.0,516.0,512.0,530.0,0.0
794,2024-06-29T17:53:06.493926,511.0,516.0,512.0,530.0,0.0
795,2024-06-29T17:53:06.493933,512.0,514.0,511.0,520.0,0.0
796,2024-06-29T17:53:06.493940,510.0,513.0,511.0,515.0,0.0
797,2024-06-29T17:53:06.493946,510.0,512.0,511.0,518.0,0.0
798,2024-06-29T17:53:06.493954,508.0,513.0,510.0,512.0,0.0
799,2024-06-29T17:53:06.493961,509.0,511.0,510.0,509.0,0.0
800,2024-06-29T17:53:06.493961,509.0,511.0,510.0,509.0,0.0
801,2024-06-29T17:53:06.493968,512.0,511.0,508.0,505.0,0.0
802,2024-06-29T17:53:06.493968,512.0,511.0,508.0,505.0,0.0
803,2024-06-29T17:53:06.493968,512.0,511.0,508.0,505.0,0.0
804,2024-06-29T17:53:06.493968,512.0,511.0,508.0,505.0,0.0
805,2024-06-29T17:53:06.493968,512.0,511.0,508.0,505.0,0.0
806,2024-06-29T17:53:06.493968,512.0,511.0,508.0,505.0,0.0
807,2024-06-29T17:53:06.493968,512.0,511.0,508.0,505.0,0.0
808,2024-06-29T17:53:06.493968,512.0,511.0,508.0,505.0,0.0
809,2024-06-29T17:53:06.493968,512.0,511.0,508.0,505.0,0.0
810,2024-06-29T17:53:06.493968,512.0,511.0,508.0,505.0,0.0
811,2024-06-29T17:53:06.493975,514.0,511.0,511.0,508.0,0.0
812,2024-06-29T17:53:06.493975,514.0,511.0,511.0,508.0,0.0
813,2024-06-29T17:53:06.493975,514.0,511.0,511.0,508.0,0.0
814,2024-06-29T17:53:06.493975,514.0,511.0,511.0,508.0,0.0
815,2024-06-29T17:53:06.493975,514.0,511.0,511.0,508.0,0.0
816,2024-06-29T17:53:06.493975,514.0,511.0,511.0,508.0,0.0
817,2024-06-29T17:53:06.493975,514.0,511.0,511.0,508.0,0.0
818,2024-06-29T17:53:06.493975,514.0,511.0,511.0,508.0,0.0
819,2024-06-29T17:53:06.493981,513.0,512.0,511.0,505.0,0.0
820,2024-06-29T17:53:06.493981,513.0,512.0,511.0,505.0,0.0
821,2024-06-29T17:53:06.493988,513.0,512.0,511.0,505.0,0.0
822,2024-06-29T17:53:06.493995,511.0,510.0,512.0,488.0,0.0
823,2024-06-29T17:53:06.494002,507.0,511.0,509.0,491.0,0.0
824,2024-06-29T17:53:06.494002,507.0,511.0,509.0,491.0,0.0
825,2024-06-29T17:53:06.494009,511.0,511.0,508.0,496.0,0.0
826,2024-06-29T17:53:06.494009,511.0,511.0,508.0,496.0,0.0
827,2024-06-29T17:53:06.494016,511.0,511.0,511.0,504.0,0.0
828,2024-06-29T17:53:06.494023,511.0,508.0,509.0,504.0,0.0
829,2024-06-29T17:53:06.494030,511.0,509.0,510.0,518.0,0.0
830,2024-06-29T17:53:06.494030,511.0,509.0,510.0,518.0,0.0
831,2024-06-29T17:53:06.494036,510.0,508.0,511.0,532.0,0.0
832,2024-06-29T17:53:06.494043,509.0,510.0,509.0,537.0,0.0
833,2024-06-29T17:53:06.494043,509.0,510.0,509.0,537.0,0.0
834,2024-06-29T17:53:06.494050,512.0,510.0,510.0,540.0,0.0
835,2024-06-29T17:53:06.494057,513.0,511.0,509.0,539.0,0.0
836,2024-06-29T17:53:06.494057,513.0,511.0,509.0,539.0,0.0
837,2024-06-29T17:53:06.494057,513.0,511.0,509.0,539.0,0.0
838,2024-06-29T17:53:06.494057,513.0,511.0,509.0,539.0,0.0
839,2024-06-29T17:53:06.494057,513.0,511.0,509.0,539.0,0.0
840,2024-06-29T17:53:06.494064,514.0,510.0,512.0,531.0,0.0
841,2024-06-29T17:53:06.494064,514.0,510.0,512.0,531.0,0.0
842,2024-06-29T17:53:06.494064,514.0,510.0,512.0,531.0,0.0
843,2024-06-29T17:53:06.494064,514.0,510.0,512.0,531.0,0.0
844,2024-06-29T17:53:06.494071,511.0,511.0,511.0,519.0,0.0
845,2024-06-29T17:53:06.494078,513.0,511.0,510.0,511.0,0.0
846,2024-06-29T17:53:06.494078,513.0,511.0,510.0,511.0,0.0
847,2024-06-29T17:53:06.494078,513.0,511.0,510.0,511.0,0.0
848,2024-06-29T17:53:06.494078,513.0,511.0,510.0,511.0,0.0
849,2024-06-29T17:53:06.494078,513.0,511.0,510.0,511.0,0.0
850,2024-06-29T17:53:06.494078,513.0,511.0,510.0,511.0,0.0
851,2024-06-29T17:53:06.494078,513.0,511.0,510.0,511.0,0.0
852,2024-06-29T17:53:06.494078,513.0,511.0,510.0,511.0,0.0
853,2024-06-29T17:53:06.494085,512.0,511.0,512.0,512.0,0.0
854,2024-06-29T17:53:06.494085,512.0,511.0,512.0,512.0,0.0
855,2024-06-29T17:53:06.494091,512.0,513.0,513.0,509.0,0.0
856,2024-06-29T17:53:06.494098,513.0,510.0,512.0,505.0,0.0
857,2024-06-29T17:53:06.494105,513.0,514.0,511.0,499.0,0.0
858,2024-06-29T17:53:06.494112,512.0,513.0,510.0,506.0,0.0
859,2024-06-29T17:53:06.494119,510.0,511.0,511.0,506.0,0.0
860,2024-06-29T17:53:06.494126,512.0,508.0,505.0,500.0,0.0
861,2024-06-29T17:53:06.494133,511.0,511.0,508.0,484.0,0.0
862,2024-06-29T17:53:06.494140,511.0,510.0,509.0,488.0,0.0
863,2024-06-29T17:53:06.494147,512.0,510.0,511.0,491.0,0.0
864,2024-06-29T17:53:06.494153,513.0,510.0,512.0,500.0,0.0
865,2024-06-29T17:53:06.494160,512.0,509.0,511.0,508.0,0.0
866,2024-06-29T17:53:06.494167,511.0,508.0,511.0,524.0,0.0
867,2024-06-29T17:53:06.494167,511.0,508.0,511.0,524.0,0.0
868,2024-06-29T17:53:06.494167,511.0,508.0,511.0,524.0,0.0
869,2024-06-29T17:53:06.494167,511.0,508.0,511.0,524.0,0.0
870,2024-06-29T17:53:06.494167,511.0,508.0,511.0,524.0,0.0
871,2024-06-29T17:53:06.494174,514.0,510.0,511.0,533.0,0.0
872,2024-06-29T17:53:06.494181,515.0,511.0,512.0,540.0,0.0
873,2024-06-29T17:53:06.494181,515.0,511.0,512.0,540.0,0.0
874,2024-06-29T17:53:06.494188,516.0,511.0,512.0,539.0,0.0
875,2024-06-29T17:53:06.494195,510.0,511.0,514.0,545.0,0.0
876,2024-06-29T17:53:06.494202,507.0,511.0,513.0,533.0,0.0
877,2024-06-29T17:53:06.494208,506.0,511.0,510.0,521.0,0.0
878,2024-06-29T17:53:06.494215,505.0,511.0,509.0,509.0,0.0
879,2024-06-29T17:53:06.494222,506.0,514.0,511.0,511.0,0.0
880,2024-06-29T17:53:06.494222,506.0,514.0,511.0,511.0,0.0
881,2024-06-29T17:53:06.494229,507.0,512.0,514.0,512.0,0.0
882,2024-06-29T17:53:06.494236,508.0,512.0,509.0,504.0,0.0
883,2024-06-29T17:53:06.494243,507.0,508.0,509.0,499.0,0.0
884,2024-06-29T17:53:06.494243,507.0,508.0,509.0,499.0,0.0
885,2024-06-29T17:53:06.494250,510.0,512.0,507.0,503.0,0.0
886,2024-06-29T17:53:06.494250,510.0,512.0,507.0,503.0,0.0
887,2024-06-29T17:53:06.494257,511.0,517.0,508.0,507.0,0.0
888,2024-06-29T17:53:06.494257,511.0,517.0,508.0,507.0,0.0
889,2024-06-29T17:53:06.494263,511.0,516.0,511.0,502.0,0.0
890,2024-06-29T17:53:06.494270,513.0,515.0,510.0,487.0,0.0
891,2024-06-29T17:53:06.494277,518.0,510.0,508.0,492.0,0.0
892,2024-06-29T17:53:06.494277,518.0,510.0,508.0,492.0,0.0
893,2024-06-29T17:53:06.494285,516.0,509.0,507.0,495.0,0.0
894,2024-06-29T17:53:06.494291,511.0,508.0,513.0,504.0,0.0
895,2024-06-29T17:53:06.494298,515.0,508.0,510.0,510.0,0.0
896,2024-06-29T17:53:06.494305,513.0,505.0,513.0,518.0,0.0
897,2024-06-29T17:53:06.494312,513.0,504.0,511.0,527.0,0.0
898,2024-06-29T17:53:06.494312,513.0,504.0,511.0,527.0,0.0
899,2024-06-29T17:53:06.494319,514.0,506.0,509.0,535.0,0.0
900,2024-06-29T17:53:06.494325,513.0,510.0,510.0,539.0,0.0
901,2024-06-29T17:53:06.494332,510.0,510.0,511.0,540.0,0.0
902,2024-06-29T17:53:06.494339,510.0,510.0,513.0,531.0,0.0
903,2024-06-29T17:53:06.494339,510.0,510.0,513.0,531.0,0.0
904,2024-06-29T17:53:06.494346,508.0,510.0,511.0,517.0,0.0
905,2024-06-29T17:53:06.494353,509.0,511.0,511.0,507.0,0.0
906,2024-06-29T17:53:06.494360,512.0,510.0,508.0,508.0,0.0
907,2024-06-29T17:53:06.494360,512.0,510.0,508.0,508.0,0.0
908,2024-06-29T17:53:06.494367,512.0,511.0,509.0,511.0,0.0
909,2024-06-29T17:53:06.494374,513.0,509.0,512.0,510.0,0.0
910,2024-06-29T17:53:06.494374,513.0,509.0,512.0,510.0,0.0
911,2024-06-29T17:53:06.494380,512.0,513.0,512.0,505.0,0.0
912,2024-06-29T17:53:06.494380,512.0,513.0,512.0,505.0,0.0
913,2024-06-29T17:53:06.494387,512.0,510.0,511.0,505.0,0.0
914,2024-06-29T17:53:06.494394,512.0,511.0,511.0,508.0,0.0
915,2024-06-29T17:53:06.494394,512.0,511.0,511.0,508.0,0.0
916,2024-06-29T17:53:06.494401,510.0,514.0,510.0,501.0,0.0
917,2024-06-29T17:53:06.494401,510.0,514.0,510.0,501.0,0.0
918,2024-06-29T17:53:06.494408,513.0,513.0,509.0,487.0,0.0
919,2024-06-29T17:53:06.494415,515.0,511.0,508.0,492.0,0.0
920,2024-06-29T17:53:06.494422,514.0,516.0,511.0,496.0,0.0
921,2024-06-29T17:53:06.494422,514.0,516.0,511.0,496.0,0.0
922,2024-06-29T17:53:06.494422,514.0,516.0,511.0,496.0,0.0
923,2024-06-29T17:53:06.494428,510.0,513.0,512.0,507.0,0.0
924,2024-06-29T17:53:06.494428,510.0,513.0,512.0,507.0,0.0
925,2024-06-29T17:53:06.494428,510.0,513.0,512.0,507.0,0.0
926,2024-06-29T17:53:06.494435,511.0,515.0,508.0,514.0,0.0
927,2024-06-29T17:53:06.494442,513.0,510.0,508.0,531.0,0.0
928,2024-06-29T17:53:06.494449,509.0,512.0,515.0,540.0,0.0
929,2024-06-29T17:53:06.494456,511.0,511.0,513.0,549.0,0.0
930,2024-06-29T17:53:06.494456,511.0,511.0,513.0,549.0,0.0
931,2024-06-29T17:53:06.494463,511.0,514.0,509.0,547.0,0.0
932,2024-06-29T17:53:06.494470,513.0,512.0,511.0,545.0,0.0
933,2024-06-29T17:53:06.494470,513.0,512.0,511.0,545.0,0.0
934,2024-06-29T17:53:06.494477,512.0,509.0,512.0,534.0,0.0
935,2024-06-29T17:53:06.494484,510.0,508.0,510.0,525.0,0.0
936,2024-06-29T17:53:06.494490,511.0,510.0,509.0,509.0,0.0
937,2024-06-29T17:53:06.494497,511.0,510.0,512.0,506.0,0.0
938,2024-06-29T17:53:06.494505,512.0,507.0,512.0,509.0,0.0
939,2024-06-29T17:53:06.494511,514.0,507.0,509.0,505.0,0.0
940,2024-06-29T17:53:06.494518,513.0,510.0,510.0,501.0,0.0
941,2024-06-29T17:53:06.494525,513.0,512.0,511.0,503.0,0.0
942,2024-06-29T17:53:06.494532,507.0,514.0,515.0,505.0,0.0
943,2024-06-29T17:53:06.494542,509.0,513.0,509.0,497.0,0.0
944,2024-06-29T17:53:06.494549,514.0,513.0,509.0,489.0,0.0
945,2024-06-29T17:53:06.494556,511.0,513.0,511.0,491.0,0.0
946,2024-06-29T17:53:06.494556,511.0,513.0,511.0,491.0,0.0
947,2024-06-29T17:53:06.494563,511.0,512.0,510.0,495.0,0.0
948,2024-06-29T17:53:06.494570,511.0,507.0,508.0,504.0,0.0
949,2024-06-29T17:53:06.494570,511.0,507.0,508.0,504.0,0.0
950,2024-06-29T17:53:06.494570,511.0,507.0,508.0,504.0,0.0
951,2024-06-29T17:53:06.494577,517.0,508.0,508.0,508.0,0.0
952,2024-06-29T17:53:06.494577,517.0,508.0,508.0,508.0,0.0
953,2024-06-29T17:53:06.494584,518.0,511.0,508.0,517.0,0.0
954,2024-06-29T17:53:06.494591,511.0,511.0,511.0,531.0,0.0
955,2024-06-29T17:53:06.494601,510.0,510.0,511.0,541.0,0.0
956,2024-06-29T17:53:06.494611,509.0,510.0,511.0,539.0,0.0
957,2024-06-29T17:53:06.494618,511.0,509.0,512.0,537.0,0.0
958,2024-06-29T17:53:06.494626,511.0,511.0,513.0,528.0,0.0
959,2024-06-29T17:53:06.494626,511.0,511.0,513.0,528.0,0.0
960,2024-06-29T17:53:06.494632,509.0,511.0,512.0,518.0,0.0
961,2024-06-29T17:53:06.494639,508.0,510.0,508.0,509.0,0.0
962,2024-06-29T17:53:06.494646,510.0,512.0,508.0,509.0,0.0
963,2024-06-29T17:53:06.494646,510.0,512.0,508.0,509.0,0.0
964,2024-06-29T17:53:06.494654,508.0,507.0,512.0,515.0,0.0
965,2024-06-29T17:53:06.494661,511.0,509.0,513.0,514.0,0.0
966,2024-06-29T17:53:06.494661,511.0,509.0,513.0,514.0,0.0
967,2024-06-29T17:53:06.494661,511.0,509.0,513.0,514.0,0.0
968,2024-06-29T17:53:06.494668,512.0,510.0,512.0,509.0,0.0
969,2024-06-29T17:53:06.494668,512.0,510.0,512.0,509.0,0.0
970,2024-06-29T17:53:06.494668,512.0,510.0,512.0,509.0,0.0
971,2024-06-29T17:53:06.494668,512.0,510.0,512.0,509.0,0.0
972,2024-06-29T17:53:06.494674,512.0,513.0,511.0,508.0,0.0
973,2024-06-29T17:53:06.494681,517.0,514.0,509.0,512.0,0.0
974,2024-06-29T17:53:06.494688,513.0,514.0,507.0,505.0,0.0
975,2024-06-29T17:53:06.494695,513.0,514.0,510.0,489.0,0.0
976,2024-06-29T17:53:06.494695,513.0,514.0,510.0,489.0,0.0
977,2024-06-29T17:53:06.494702,513.0,509.0,509.0,487.0,0.0
978,2024-06-29T17:53:06.494709,510.0,508.0,509.0,492.0,0.0
979,2024-06-29T17:53:06.494709,510.0,508.0,509.0,492.0,0.0
980,2024-06-29T17:53:06.494715,508.0,508.0,509.0,499.0,0.0
981,2024-06-29T17:53:06.494715,508.0,508.0,509.0,499.0,0.0
982,2024-06-29T17:53:06.494722,510.0,514.0,510.0,499.0,0.0
983,2024-06-29T17:53:06.494729,511.0,513.0,511.0,517.0,0.0
984,2024-06-29T17:53:06.494736,508.0,513.0,512.0,530.0,0.0
985,2024-06-29T17:53:06.494736,508.0,513.0,512.0,530.0,0.0
986,2024-06-29T17:53:06.494743,512.0,510.0,512.0,534.0,0.0
987,2024-06-29T17:53:06.494750,510.0,509.0,512.0,540.0,0.0
988,2024-06-29T17:53:06.494757,509.0,508.0,513.0,538.0,0.0
989,2024-06-29T17:53:06.494764,510.0,509.0,512.0,531.0,0.0
990,2024-06-29T17:53:06.494764,510.0,509.0,512.0,531.0,0.0
991,2024-06-29T17:53:06.494770,511.0,511.0,511.0,525.0,0.0
992,2024-06-29T17:53:06.494777,511.0,510.0,509.0,512.0,0.0
993,2024-06-29T17:53:06.494777,511.0,510.0,509.0,512.0,0.0
994,2024-06-29T17:53:06.494784,511.0,509.0,512.0,512.0,0.0
995,2024-06-29T17:53:06.494791,511.0,511.0,511.0,513.0,0.0
996,2024-06-29T17:53:06.494791,511.0,511.0,511.0,513.0,0.0
997,2024-06-29T17:53:06.494791,511.0,511.0,511.0,513.0,0.0
998,2024-06-29T17:53:06.494798,512.0,512.0,509.0,514.0,0.0
999,2024-06-29T17:53:06.494805,513.0,514.0,513.0,505.0,0.0
1000,2024-06-29T17:53:06.494812,513.0,512.0,508.0,504.0,0.0
1001,2024-06-29T17:53:06.494812,513.0,512.0,508.0,504.0,0.0
1002,2024-06-29T17:53:06.494819,511.0,508.0,508.0,505.0,0.0
1003,2024-06-29T17:53:06.494826,515.0,508.0,509.0,503.0,0.0
1004,2024-06-29T17:53:06.494832,513.0,507.0,508.0,494.0,0.0
1005,2024-06-29T17:53:06.494832,513.0,507.0,508.0,494.0,0.0
1006,2024-06-29T17:53:06.494840,513.0,511.0,508.0,488.0,0.0
1007,2024-06-29T17:53:06.494847,510.0,509.0,510.0,491.0,0.0
1008,2024-06-29T17:53:06.494855,511.0,509.0,510.0,502.0,0.0
1009,2024-06-29T17:53:06.494861,510.0,510.0,511.0,508.0,0.0
1010,2024-06-29T17:53:06.494868,512.0,510.0,511.0,521.0,0.0
1011,2024-06-29T17:53:06.494875,514.0,511.0,511.0,527.0,0.0
1012,2024-06-29T17:53:06.494882,512.0,510.0,512.0,536.0,0.0
1013,2024-06-29T17:53:06.494882,512.0,510.0,512.0,536.0,0.0
1014,2024-06-29T17:53:06.494889,510.0,508.0,511.0,538.0,0.0
1015,2024-06-29T17:53:06.494896,509.0,511.0,511.0,538.0,0.0
1016,2024-06-29T17:53:06.494896,509.0,511.0,511.0,538.0,0.0
1017,2024-06-29T17:53:06.494903,511.0,510.0,513.0,530.0,0.0
1018,2024-06-29T17:53:06.494910,511.0,511.0,512.0,523.0,0.0
1019,2024-06-29T17:53:06.494917,515.0,516.0,510.0,517.0,0.0
1020,2024-06-29T17:53:06.494923,518.0,516.0,512.0,515.0,0.0
1021,2024-06-29T17:53:06.494923,518.0,516.0,512.0,515.0,0.0
1022,2024-06-29T17:53:06.494930,517.0,515.0,512.0,511.0,0.0
1023,2024-06-29T17:53:06.494937,511.0,513.0,510.0,507.0,0.0
1024,2024-06-29T17:53:06.494937,511.0,513.0,510.0,507.0,0.0
1025,2024-06-29T17:53:06.494937,511.0,513.0,510.0,507.0,0.0
1026,2024-06-29T17:53:06.494937,511.0,513.0,510.0,507.0,0.0
1027,2024-06-29T17:53:06.494937,511.0,513.0,510.0,507.0,0.0
1028,2024-06-29T17:53:06.494944,509.0,509.0,508.0,500.0,0.0
1029,2024-06-29T17:53:06.494951,507.0,511.0,511.0,503.0,0.0
1030,2024-06-29T17:53:06.494958,506.0,514.0,511.0,504.0,0.0
1031,2024-06-29T17:53:06.494965,507.0,509.0,508.0,503.0,0.0
1032,2024-06-29T17:53:06.494972,510.0,508.0,511.0,487.0,0.0
1033,2024-06-29T17:53:06.494972,510.0,508.0,511.0,487.0,0.0
1034,2024-06-29T17:53:06.494979,509.0,509.0,507.0,488.0,0.0
1035,2024-06-29T17:53:06.494979,509.0,509.0,507.0,488.0,0.0
1036,2024-06-29T17:53:06.494985,512.0,511.0,508.0,498.0,0.0
1037,2024-06-29T17:53:06.494985,512.0,511.0,508.0,498.0,0.0
1038,2024-06-29T17:53:06.494992,513.0,510.0,510.0,509.0,0.0
1039,2024-06-29T17:53:06.494999,512.0,509.0,512.0,510.0,0.0
1040,2024-06-29T17:53:06.495006,511.0,511.0,510.0,523.0,0.0
1041,2024-06-29T17:53:06.495013,510.0,510.0,511.0,529.0,0.0
1042,2024-06-29T17:53:06.495020,509.0,509.0,513.0,540.0,0.0
1043,2024-06-29T17:53:06.495020,509.0,509.0,513.0,540.0,0.0
1044,2024-06-29T17:53:06.495027,512.0,512.0,512.0,540.0,0.0
1045,2024-06-29T17:53:06.495027,512.0,512.0,512.0,540.0,0.0
1046,2024-06-29T17:53:06.495027,512.0,512.0,512.0,540.0,0.0
1047,2024-06-29T17:53:06.495027,512.0,512.0,512.0,540.0,0.0
1048,2024-06-29T17:53:06.495027,512.0,512.0,512.0,540.0,0.0
1049,2024-06-29T17:53:06.495027,512.0,512.0,512.0,540.0,0.0
1050,2024-06-29T17:53:06.495027,512.0,512.0,512.0,540.0,0.0
1051,2024-06-29T17:53:06.495027,512.0,512.0,512.0,540.0,0.0
1052,2024-06-29T17:53:06.495027,512.0,512.0,512.0,540.0,0.0
1053,2024-06-29T17:53:06.495027,512.0,512.0,512.0,540.0,0.0
1054,2024-06-29T17:53:06.495027,512.0,512.0,512.0,540.0,0.0
1055,2024-06-29T17:53:06.495034,510.0,513.0,511.0,540.0,0.0
1056,2024-06-29T17:53:06.495041,510.0,516.0,511.0,530.0,0.0
1057,2024-06-29T17:53:06.495041,510.0,516.0,511.0,530.0,0.0
1058,2024-06-29T17:53:06.495047,510.0,512.0,511.0,521.0,0.0
1059,2024-06-29T17:53:06.495054,510.0,513.0,507.0,514.0,0.0
1060,2024-06-29T17:53:06.495061,514.0,510.0,512.0,517.0,0.0
1061,2024-06-29T17:53:06.495069,513.0,510.0,509.0,516.0,0.0
1062,2024-06-29T17:53:06.495075,514.0,509.0,510.0,515.0,0.0
1063,2024-06-29T17:53:06.495075,514.0,509.0,510.0,515.0,0.0
1064,2024-06-29T17:53:06.495082,514.0,506.0,513.0,509.0,0.0
1065,2024-06-29T17:53:06.495082,514.0,506.0,513.0,509.0,0.0
1066,2024-06-29T17:53:06.495089,513.0,509.0,511.0,508.0,0.0
1067,2024-06-29T17:53:06.495089,513.0,509.0,511.0,508.0,0.0
1068,2024-06-29T17:53:06.495096,513.0,510.0,510.0,506.0,0.0
1069,2024-06-29T17:53:06.495103,513.0,511.0,508.0,497.0,0.0
1070,2024-06-29T17:53:06.495110,513.0,513.0,512.0,485.0,0.0
1071,2024-06-29T17:53:06.495110,513.0,513.0,512.0,485.0,0.0
1072,2024-06-29T17:53:06.495116,512.0,511.0,513.0,485.0,0.0
1073,2024-06-29T17:53:06.495124,515.0,509.0,509.0,494.0,0.0
1074,2024-06-29T17:53:06.495124,515.0,509.0,509.0,494.0,0.0
1075,2024-06-29T17:53:06.495131,511.0,509.0,509.0,504.0,0.0
1076,2024-06-29T17:53:06.495131,511.0,509.0,509.0,504.0,0.0
1077,2024-06-29T17:53:06.495131,511.0,509.0,509.0,504.0,0.0
1078,2024-06-29T17:53:06.495131,511.0,509.0,509.0,504.0,0.0
1079,2024-06-29T17:53:06.495131,511.0,509.0,509.0,504.0,0.0
1080,2024-06-29T17:53:06.495131,511.0,509.0,509.0,504.0,0.0
1081,2024-06-29T17:53:06.495131,511.0,509.0,509.0,504.0,0.0
1082,2024-06-29T17:53:06.495138,514.0,510.0,511.0,505.0,0.0
1083,2024-06-29T17:53:06.495144,511.0,512.0,507.0,521.0,0.0
1084,2024-06-29T17:53:06.495151,512.0,510.0,510.0,536.0,0.0
1085,2024-06-29T17:53:06.495151,512.0,510.0,510.0,536.0,0.0
1086,2024-06-29T17:53:06.495158,505.0,510.0,513.0,541.0,0.0
1087,2024-06-29T17:53:06.495165,512.0,511.0,510.0,545.0,0.0
1088,2024-06-29T17:53:06.495172,512.0,512.0,510.0,539.0,0.0
1089,2024-06-29T17:53:06.495172,512.0,512.0,510.0,539.0,0.0
1090,2024-06-29T17:53:06.495172,512.0,512.0,510.0,539.0,0.0
1091,2024-06-29T17:53:06.495172,512.0,512.0,510.0,539.0,0.0
1092,2024-06-29T17:53:06.495179,511.0,513.0,513.0,533.0,0.0
1093,2024-06-29T17:53:06.495179,511.0,513.0,513.0,533.0,0.0
1094,2024-06-29T17:53:06.495179,511.0,513.0,513.0,533.0,0.0
1095,2024-06-29T17:53:06.495179,511.0,513.0,513.0,533.0,0.0
1096,2024-06-29T17:53:06.495179,511.0,513.0,513.0,533.0,0.0
1097,2024-06-29T17:53:06.495179,511.0,513.0,513.0,533.0,0.0
1098,2024-06-29T17:53:06.495179,511.0,513.0,513.0,533.0,0.0
1099,2024-06-29T17:53:06.495179,511.0,513.0,513.0,533.0,0.0
1100,2024-06-29T17:53:06.495179,511.0,513.0,513.0,533.0,0.0
1101,2024-06-29T17:53:06.495179,511.0,513.0,513.0,533.0,0.0
1102,2024-06-29T17:53:06.495179,511.0,513.0,513.0,533.0,0.0
1103,2024-06-29T17:53:06.495179,511.0,513.0,513.0,533.0,0.0
1104,2024-06-29T17:53:06.495179,511.0,513.0,513.0,533.0,0.0
1105,2024-06-29T17:53:06.495179,511.0,513.0,513.0,533.0,0.0
1106,2024-06-29T17:53:06.495179,511.0,513.0,513.0,533.0,0.0
1107,2024-06-29T17:53:06.495179,511.0,513.0,513.0,533.0,0.0
1108,2024-06-29T17:53:06.495179,511.0,513.0,513.0,533.0,0.0
1109,2024-06-29T17:53:06.495179,511.0,513.0,513.0,533.0,0.0
1110,2024-06-29T17:53:06.495179,511.0,513.0,513.0,533.0,0.0
1111,2024-06-29T17:53:06.495179,511.0,513.0,513.0,533.0,0.0
1112,2024-06-29T17:53:06.495179,511.0,513.0,513.0,533.0,0.0
1113,2024-06-29T17:53:06.495179,511.0,513.0,513.0,533.0,0.0
1114,2024-06-29T17:53:06.495179,511.0,513.0,513.0,533.0,0.0
1115,2024-06-29T17:53:06.495179,511.0,513.0,513.0,533.0,0.0
1116,2024-06-29T17:53:06.495179,511.0,513.0,513.0,533.0,0.0
1117,2024-06-29T17:53:06.495179,511.0,513.0,513.0,533.0,0.0
1118,2024-06-29T17:53:06.495179,511.0,513.0,513.0,533.0,0.0
1119,2024-06-29T17:53:06.495186,507.0,511.0,512.0,518.0,0.0
1120,2024-06-29T17:53:06.495193,511.0,511.0,511.0,512.0,0.0
1121,2024-06-29T17:53:06.495200,512.0,511.0,511.0,512.0,0.0
1122,2024-06-29T17:53:06.495200,512.0,511.0,511.0,512.0,0.0
1123,2024-06-29T17:53:06.495207,511.0,514.0,509.0,510.0,0.0
1124,2024-06-29T17:53:06.495213,510.0,513.0,509.0,508.0,0.0
1125,2024-06-29T17:53:06.495220,515.0,513.0,508.0,502.0,0.0
1126,2024-06-29T17:53:06.495227,516.0,509.0,509.0,505.0,0.0
1127,2024-06-29T17:53:06.495227,516.0,509.0,509.0,505.0,0.0
1128,2024-06-29T17:53:06.495235,513.0,511.0,509.0,507.0,0.0
1129,2024-06-29T17:53:06.495241,513.0,508.0,512.0,496.0,0.0
1130,2024-06-29T17:53:06.495248,511.0,507.0,509.0,482.0,0.0
1131,2024-06-29T17:53:06.495258,512.0,509.0,513.0,487.0,0.0
1132,2024-06-29T17:53:06.495265,513.0,511.0,510.0,487.0,0.0
1133,2024-06-29T17:53:06.495272,509.0,511.0,510.0,496.0,0.0
1134,2024-06-29T17:53:06.495272,509.0,511.0,510.0,496.0,0.0
1135,2024-06-29T17:53:06.495272,509.0,511.0,510.0,496.0,0.0
1136,2024-06-29T17:53:06.495279,506.0,512.0,512.0,503.0,0.0
1137,2024-06-29T17:53:06.495279,506.0,512.0,512.0,503.0,0.0
1138,2024-06-29T17:53:06.495279,506.0,512.0,512.0,503.0,0.0
1139,2024-06-29T17:53:06.495286,509.0,511.0,510.0,518.0,0.0
1140,2024-06-29T17:53:06.495293,513.0,512.0,510.0,534.0,0.0
1141,2024-06-29T17:53:06.495300,511.0,511.0,511.0,544.0,0.0
1142,2024-06-29T17:53:06.495307,511.0,511.0,508.0,539.0,0.0
1143,2024-06-29T17:53:06.495314,509.0,512.0,510.0,539.0,0.0
1144,2024-06-29T17:53:06.495320,510.0,512.0,510.0,525.0,0.0
1145,2024-06-29T17:53:06.495327,510.0,512.0,510.0,518.0,0.0
1146,2024-06-29T17:53:06.495334,509.0,513.0,509.0,506.0,0.0
1147,2024-06-29T17:53:06.495341,511.0,513.0,514.0,513.0,0.0
1148,2024-06-29T17:53:06.495348,512.0,511.0,514.0,512.0,0.0
1149,2024-06-29T17:53:06.495355,511.0,511.0,511.0,508.0,0.0
1150,2024-06-29T17:53:06.495355,511.0,511.0,511.0,508.0,0.0
1151,2024-06-29T17:53:06.495362,513.0,511.0,509.0,497.0,0.0
1152,2024-06-29T17:53:06.495369,511.0,510.0,511.0,504.0,0.0
1153,2024-06-29T17:53:06.495376,514.0,508.0,508.0,506.0,0.0
1154,2024-06-29T17:53:06.495383,513.0,513.0,510.0,502.0,0.0
1155,2024-06-29T17:53:06.495383,513.0,513.0,510.0,502.0,0.0
1156,2024-06-29T17:53:06.495389,513.0,510.0,513.0,489.0,0.0
1157,2024-06-29T17:53:06.495396,513.0,510.0,510.0,492.0,0.0
1158,2024-06-29T17:53:06.495404,511.0,508.0,509.0,496.0,0.0
1159,2024-06-29T17:53:06.495410,512.0,508.0,511.0,507.0,0.0
1160,2024-06-29T17:53:06.495417,511.0,506.0,509.0,509.0,0.0
1161,2024-06-29T17:53:06.495424,512.0,510.0,508.0,524.0,0.0
1162,2024-06-29T17:53:06.495424,512.0,510.0,508.0,524.0,0.0
1163,2024-06-29T17:53:06.495424,512.0,510.0,508.0,524.0,0.0
1164,2024-06-29T17:53:06.495431,513.0,511.0,511.0,537.0,0.0
1165,2024-06-29T17:53:06.495431,513.0,511.0,511.0,537.0,0.0
1166,2024-06-29T17:53:06.495431,513.0,511.0,511.0,537.0,0.0
1167,2024-06-29T17:53:06.495438,509.0,510.0,511.0,546.0,0.0
1168,2024-06-29T17:53:06.495438,509.0,510.0,511.0,546.0,0.0
1169,2024-06-29T17:53:06.495444,512.0,510.0,512.0,545.0,0.0
1170,2024-06-29T17:53:06.495444,512.0,510.0,512.0,545.0,0.0
1171,2024-06-29T17:53:06.495444,512.0,510.0,512.0,545.0,0.0
1172,2024-06-29T17:53:06.495444,512.0,510.0,512.0,545.0,0.0
1173,2024-06-29T17:53:06.495444,512.0,510.0,512.0,545.0,0.0
1174,2024-06-29T17:53:06.495444,512.0,510.0,512.0,545.0,0.0
1175,2024-06-29T17:53:06.495444,512.0,510.0,512.0,545.0,0.0
1176,2024-06-29T17:53:06.495444,512.0,510.0,512.0,545.0,0.0
1177,2024-06-29T17:53:06.495451,510.0,511.0,511.0,545.0,0.0
1178,2024-06-29T17:53:06.495459,512.0,513.0,511.0,537.0,0.0
1179,2024-06-29T17:53:06.495459,512.0,513.0,511.0,537.0,0.0
1180,2024-06-29T17:53:06.495466,512.0,511.0,514.0,527.0,0.0
1181,2024-06-29T17:53:06.495473,512.0,515.0,511.0,511.0,0.0
1182,2024-06-29T17:53:06.495479,510.0,513.0,508.0,512.0,0.0
1183,2024-06-29T17:53:06.495486,510.0,511.0,510.0,512.0,0.0
1184,2024-06-29T17:53:06.495486,510.0,511.0,510.0,512.0,0.0
1185,2024-06-29T17:53:06.495493,511.0,512.0,511.0,505.0,0.0
1186,2024-06-29T17:53:06.495500,513.0,510.0,510.0,495.0,0.0
1187,2024-06-29T17:53:06.495507,511.0,511.0,509.0,500.0,0.0
1188,2024-06-29T17:53:06.495514,512.0,507.0,510.0,506.0,0.0
1189,2024-06-29T17:53:06.495521,512.0,509.0,511.0,501.0,0.0
1190,2024-06-29T17:53:06.495521,512.0,509.0,511.0,501.0,0.0
1191,2024-06-29T17:53:06.495528,515.0,509.0,513.0,492.0,0.0
1192,2024-06-29T17:53:06.495535,513.0,511.0,509.0,490.0,0.0
1193,2024-06-29T17:53:06.495542,512.0,509.0,509.0,499.0,0.0
1194,2024-06-29T17:53:06.495549,514.0,508.0,509.0,501.0,0.0
1195,2024-06-29T17:53:06.495556,511.0,510.0,509.0,504.0,0.0
1196,2024-06-29T17:53:06.495556,511.0,510.0,509.0,504.0,0.0
1197,2024-06-29T17:53:06.495563,508.0,510.0,506.0,515.0,0.0
1198,2024-06-29T17:53:06.495570,511.0,510.0,512.0,527.0,0.0
1199,2024-06-29T17:53:06.495577,512.0,513.0,513.0,537.0,0.0
1200,2024-06-29T17:53:06.495584,512.0,514.0,513.0,539.0,0.0
1201,2024-06-29T17:53:06.495584,512.0,514.0,513.0,539.0,0.0
1202,2024-06-29T17:53:06.495591,510.0,517.0,513.0,536.0,0.0
1203,2024-06-29T17:53:06.495597,510.0,511.0,511.0,528.0,0.0
1204,2024-06-29T17:53:06.495597,510.0,511.0,511.0,528.0,0.0
1205,2024-06-29T17:53:06.495597,510.0,511.0,511.0,528.0,0.0
1206,2024-06-29T17:53:06.495604,511.0,510.0,512.0,521.0,0.0
1207,2024-06-29T17:53:06.495611,510.0,512.0,511.0,510.0,0.0
1208,2024-06-29T17:53:06.495611,510.0,512.0,511.0,510.0,0.0
1209,2024-06-29T17:53:06.495618,510.0,511.0,511.0,513.0,0.0
1210,2024-06-29T17:53:06.495618,510.0,511.0,511.0,513.0,0.0
1211,2024-06-29T17:53:06.495618,510.0,511.0,511.0,513.0,0.0
1212,2024-06-29T17:53:06.495625,513.0,509.0,511.0,509.0,0.0
1213,2024-06-29T17:53:06.495625,513.0,509.0,511.0,509.0,0.0
1214,2024-06-29T17:53:06.495632,514.0,511.0,510.0,510.0,0.0
1215,2024-06-29T17:53:06.495639,511.0,512.0,511.0,500.0,0.0
1216,2024-06-29T17:53:06.495646,507.0,511.0,510.0,507.0,0.0
1217,2024-06-29T17:53:06.495653,511.0,510.0,509.0,508.0,0.0
1218,2024-06-29T17:53:06.495653,511.0,510.0,509.0,508.0,0.0
1219,2024-06-29T17:53:06.495659,511.0,510.0,513.0,500.0,0.0
1220,2024-06-29T17:53:06.495659,511.0,510.0,513.0,500.0,0.0
1221,2024-06-29T17:53:06.495666,513.0,510.0,512.0,490.0,0.0
1222,2024-06-29T17:53:06.495673,510.0,511.0,507.0,490.0,0.0
1223,2024-06-29T17:53:06.495673,510.0,511.0,507.0,490.0,0.0
1224,2024-06-29T17:53:06.495673,510.0,511.0,507.0,490.0,0.0
1225,2024-06-29T17:53:06.495673,510.0,511.0,507.0,490.0,0.0
1226,2024-06-29T17:53:06.495673,510.0,511.0,507.0,490.0,0.0
1227,2024-06-29T17:53:06.495673,510.0,511.0,507.0,490.0,0.0
1228,2024-06-29T17:53:06.495673,510.0,511.0,507.0,490.0,0.0
1229,2024-06-29T17:53:06.495673,510.0,511.0,507.0,490.0,0.0
1230,2024-06-29T17:53:06.495681,512.0,509.0,508.0,493.0,0.0
1231,2024-06-29T17:53:06.495681,512.0,509.0,508.0,493.0,0.0
1232,2024-06-29T17:53:06.495687,511.0,511.0,507.0,502.0,0.0
1233,2024-06-29T17:53:06.495694,512.0,506.0,511.0,504.0,0.0
1234,2024-06-29T17:53:06.495701,512.0,510.0,511.0,516.0,0.0
1235,2024-06-29T17:53:06.495708,512.0,510.0,509.0,532.0,0.0
1236,2024-06-29T17:53:06.495715,510.0,510.0,512.0,543.0,0.0
1237,2024-06-29T17:53:06.495715,510.0,510.0,512.0,543.0,0.0
1238,2024-06-29T17:53:06.495715,510.0,510.0,512.0,543.0,0.0
1239,2024-06-29T17:53:06.495715,510.0,510.0,512.0,543.0,0.0
1240,2024-06-29T17:53:06.495721,509.0,510.0,514.0,549.0,0.0
1241,2024-06-29T17:53:06.495728,510.0,512.0,513.0,550.0,0.0
1242,2024-06-29T17:53:06.495728,510.0,512.0,513.0,550.0,0.0
1243,2024-06-29T17:53:06.495736,512.0,512.0,513.0,537.0,0.0
1244,2024-06-29T17:53:06.495736,512.0,512.0,513.0,537.0,0.0
1245,2024-06-29T17:53:06.495743,513.0,513.0,512.0,523.0,0.0
1246,2024-06-29T17:53:06.495750,513.0,514.0,506.0,515.0,0.0
1247,2024-06-29T17:53:06.495757,512.0,513.0,508.0,513.0,0.0
1248,2024-06-29T17:53:06.495757,512.0,513.0,508.0,513.0,0.0
1249,2024-06-29T17:53:06.495764,510.0,511.0,513.0,515.0,0.0
1250,2024-06-29T17:53:06.495770,511.0,511.0,511.0,511.0,0.0
1251,2024-06-29T17:53:06.495777,512.0,511.0,510.0,504.0,0.0
1252,2024-06-29T17:53:06.495777,512.0,511.0,510.0,504.0,0.0
1253,2024-06-29T17:53:06.495777,512.0,511.0,510.0,504.0,0.0
1254,2024-06-29T17:53:06.495787,511.0,511.0,511.0,507.0,0.0
1255,2024-06-29T17:53:06.495795,513.0,511.0,511.0,507.0,0.0
1256,2024-06-29T17:53:06.495802,513.0,509.0,510.0,502.0,0.0
1257,2024-06-29T17:53:06.495809,511.0,508.0,509.0,489.0,0.0
1258,2024-06-29T17:53:06.495816,511.0,509.0,509.0,484.0,0.0
1259,2024-06-29T17:53:06.495823,512.0,508.0,510.0,489.0,0.0
1260,2024-06-29T17:53:06.495829,512.0,510.0,506.0,496.0,0.0
1261,2024-06-29T17:53:06.495829,512.0,510.0,506.0,496.0,0.0
1262,2024-06-29T17:53:06.495836,510.0,511.0,510.0,504.0,0.0
1263,2024-06-29T17:53:06.495843,512.0,510.0,511.0,520.0,0.0
1264,2024-06-29T17:53:06.495850,511.0,514.0,511.0,533.0,0.0
1265,2024-06-29T17:53:06.495857,511.0,511.0,510.0,541.0,0.0
1266,2024-06-29T17:53:06.495857,511.0,511.0,510.0,541.0,0.0
1267,2024-06-29T17:53:06.495857,511.0,511.0,510.0,541.0,0.0
1268,2024-06-29T17:53:06.495864,511.0,511.0,510.0,539.0,0.0
1269,2024-06-29T17:53:06.495871,511.0,511.0,511.0,541.0,0.0
1270,2024-06-29T17:53:06.495878,510.0,509.0,515.0,527.0,0.0
1271,2024-06-29T17:53:06.495885,510.0,510.0,511.0,520.0,0.0
1272,2024-06-29T17:53:06.495885,510.0,510.0,511.0,520.0,0.0
1273,2024-06-29T17:53:06.495885,510.0,510.0,511.0,520.0,0.0
1274,2024-06-29T17:53:06.495885,510.0,510.0,511.0,520.0,0.0
1275,2024-06-29T17:53:06.495885,510.0,510.0,511.0,520.0,0.0
1276,2024-06-29T17:53:06.495885,510.0,510.0,511.0,520.0,0.0
1277,2024-06-29T17:53:06.495885,510.0,510.0,511.0,520.0,0.0
1278,2024-06-29T17:53:06.495891,512.0,510.0,511.0,512.0,0.0
1279,2024-06-29T17:53:06.495898,512.0,509.0,508.0,510.0,0.0
1280,2024-06-29T17:53:06.495898,512.0,509.0,508.0,510.0,0.0
1281,2024-06-29T17:53:06.495906,512.0,512.0,513.0,510.0,0.0
1282,2024-06-29T17:53:06.495912,513.0,512.0,512.0,508.0,0.0
1283,2024-06-29T17:53:06.495912,513.0,512.0,512.0,508.0,0.0
1284,2024-06-29T17:53:06.495919,511.0,510.0,511.0,504.0,0.0
1285,2024-06-29T17:53:06.495926,512.0,514.0,508.0,508.0,0.0
1286,2024-06-29T17:53:06.495926,512.0,514.0,508.0,508.0,0.0
1287,2024-06-29T17:53:06.495933,510.0,511.0,515.0,512.0,0.0
1288,2024-06-29T17:53:06.495940,511.0,509.0,511.0,504.0,0.0
1289,2024-06-29T17:53:06.495946,512.0,511.0,511.0,482.0,0.0
1290,2024-06-29T17:53:06.495953,510.0,509.0,510.0,490.0,0.0
1291,2024-06-29T17:53:06.495953,510.0,509.0,510.0,490.0,0.0
1292,2024-06-29T17:53:06.495961,513.0,509.0,512.0,489.0,0.0
1293,2024-06-29T17:53:06.495971,512.0,509.0,511.0,502.0,0.0
1294,2024-06-29T17:53:06.495978,511.0,510.0,511.0,510.0,0.0
1295,2024-06-29T17:53:06.495984,514.0,509.0,510.0,521.0,0.0
1296,2024-06-29T17:53:06.496042,511.0,511.0,509.0,530.0,0.0
1297,2024-06-29T17:53:06.496042,511.0,511.0,509.0,530.0,0.0
1298,2024-06-29T17:53:06.496042,511.0,511.0,509.0,530.0,0.0
1299,2024-06-29T17:53:06.496051,511.0,509.0,508.0,540.0,0.0
1300,2024-06-29T17:53:06.496057,512.0,510.0,507.0,544.0,0.0
1301,2024-06-29T17:53:06.496064,511.0,512.0,511.0,547.0,0.0
1302,2024-06-29T17:53:06.496072,510.0,511.0,511.0,536.0,0.0
1303,2024-06-29T17:53:06.496079,509.0,510.0,512.0,521.0,0.0
1304,2024-06-29T17:53:06.496089,511.0,514.0,510.0,514.0,0.0
1305,2024-06-29T17:53:06.496096,511.0,513.0,510.0,515.0,0.0
1306,2024-06-29T17:53:06.496096,511.0,513.0,510.0,515.0,0.0
1307,2024-06-29T17:53:06.496096,511.0,513.0,510.0,515.0,0.0
1308,2024-06-29T17:53:06.496103,516.0,513.0,512.0,515.0,0.0
1309,2024-06-29T17:53:06.496110,513.0,511.0,509.0,511.0,0.0
1310,2024-06-29T17:53:06.496117,513.0,510.0,510.0,499.0,0.0
1311,2024-06-29T17:53:06.496117,513.0,510.0,510.0,499.0,0.0
1312,2024-06-29T17:53:06.496124,510.0,510.0,512.0,504.0,0.0
1313,2024-06-29T17:53:06.496131,510.0,512.0,512.0,507.0,0.0
1314,2024-06-29T17:53:06.496138,511.0,505.0,509.0,497.0,0.0
1315,2024-06-29T17:53:06.496145,512.0,508.0,510.0,486.0,0.0
1316,2024-06-29T17:53:06.496145,512.0,508.0,510.0,486.0,0.0
1317,2024-06-29T17:53:06.496145,512.0,508.0,510.0,486.0,0.0
1318,2024-06-29T17:53:06.496152,510.0,508.0,507.0,484.0,0.0
1319,2024-06-29T17:53:06.496158,510.0,509.0,508.0,492.0,0.0
1320,2024-06-29T17:53:06.496165,512.0,510.0,509.0,501.0,0.0
1321,2024-06-29T17:53:06.496165,512.0,510.0,509.0,501.0,0.0
1322,2024-06-29T17:53:06.496172,513.0,509.0,509.0,504.0,0.0
1323,2024-06-29T17:53:06.496179,511.0,511.0,510.0,517.0,0.0
1324,2024-06-29T17:53:06.496186,512.0,511.0,510.0,533.0,0.0
1325,2024-06-29T17:53:06.496193,512.0,511.0,508.0,539.0,0.0
1326,2024-06-29T17:53:06.496200,510.0,513.0,511.0,543.0,0.0
1327,2024-06-29T17:53:06.496206,510.0,513.0,513.0,543.0,0.0
1328,2024-06-29T17:53:06.496213,510.0,510.0,511.0,535.0,0.0
1329,2024-06-29T17:53:06.496220,511.0,512.0,510.0,521.0,0.0
1330,2024-06-29T17:53:06.496220,511.0,512.0,510.0,521.0,0.0
1331,2024-06-29T17:53:06.496220,511.0,512.0,510.0,521.0,0.0
1332,2024-06-29T17:53:06.496227,511.0,513.0,511.0,509.0,0.0
1333,2024-06-29T17:53:06.496234,511.0,510.0,510.0,511.0,0.0
1334,2024-06-29T17:53:06.496241,513.0,511.0,512.0,506.0,0.0
1335,2024-06-29T17:53:06.496248,511.0,512.0,512.0,507.0,0.0
1336,2024-06-29T17:53:06.496255,510.0,510.0,509.0,502.0,0.0
1337,2024-06-29T17:53:06.496262,510.0,511.0,509.0,504.0,0.0
1338,2024-06-29T17:53:06.496269,509.0,513.0,511.0,504.0,0.0
1339,2024-06-29T17:53:06.496275,510.0,512.0,509.0,504.0,0.0
1340,2024-06-29T17:53:06.496282,511.0,511.0,510.0,492.0,0.0
1341,2024-06-29T17:53:06.496289,512.0,509.0,511.0,496.0,0.0
1342,2024-06-29T17:53:06.496289,512.0,509.0,511.0,496.0,0.0
1343,2024-06-29T17:53:06.496296,511.0,509.0,512.0,498.0,0.0
1344,2024-06-29T17:53:06.496303,512.0,508.0,511.0,506.0,0.0
1345,2024-06-29T17:53:06.496303,512.0,508.0,511.0,506.0,0.0
1346,2024-06-29T17:53:06.496303,512.0,508.0,511.0,506.0,0.0
1347,2024-06-29T17:53:06.496303,512.0,508.0,511.0,506.0,0.0
1348,2024-06-29T17:53:06.496303,512.0,508.0,511.0,506.0,0.0
1349,2024-06-29T17:53:06.496303,512.0,508.0,511.0,506.0,0.0
1350,2024-06-29T17:53:06.496310,512.0,508.0,510.0,504.0,0.0
1351,2024-06-29T17:53:06.496310,512.0,508.0,510.0,504.0,0.0
1352,2024-06-29T17:53:06.496317,513.0,508.0,509.0,515.0,0.0
1353,2024-06-29T17:53:06.496317,513.0,508.0,509.0,515.0,0.0
1354,2024-06-29T17:53:06.496323,515.0,511.0,510.0,524.0,0.0
1355,2024-06-29T17:53:06.496330,511.0,510.0,513.0,536.0,0.0
1356,2024-06-29T17:53:06.496337,511.0,513.0,512.0,538.0,0.0
1357,2024-06-29T17:53:06.496344,509.0,514.0,512.0,535.0,0.0
1358,2024-06-29T17:53:06.496351,511.0,511.0,510.0,521.0,0.0
1359,2024-06-29T17:53:06.496358,510.0,514.0,510.0,517.0,0.0
1360,2024-06-29T17:53:06.496358,510.0,514.0,510.0,517.0,0.0
1361,2024-06-29T17:53:06.496365,512.0,511.0,512.0,506.0,0.0
1362,2024-06-29T17:53:06.496371,511.0,510.0,511.0,508.0,0.0
1363,2024-06-29T17:53:06.496371,511.0,510.0,511.0,508.0,0.0
1364,2024-06-29T17:53:06.496378,511.0,510.0,511.0,508.0,0.0
1365,2024-06-29T17:53:06.496378,511.0,510.0,511.0,508.0,0.0
1366,2024-06-29T17:53:06.496385,512.0,512.0,508.0,515.0,0.0
1367,2024-06-29T17:53:06.496385,512.0,512.0,508.0,515.0,0.0
1368,2024-06-29T17:53:06.496392,513.0,510.0,505.0,511.0,0.0
1369,2024-06-29T17:53:06.496392,513.0,510.0,505.0,511.0,0.0
1370,2024-06-29T17:53:06.496392,513.0,510.0,505.0,511.0,0.0
1371,2024-06-29T17:53:06.496399,515.0,511.0,509.0,515.0,0.0
1372,2024-06-29T17:53:06.496406,514.0,510.0,512.0,515.0,0.0
1373,2024-06-29T17:53:06.496413,512.0,508.0,513.0,506.0,0.0
1374,2024-06-29T17:53:06.496413,512.0,508.0,513.0,506.0,0.0
1375,2024-06-29T17:53:06.496420,513.0,510.0,511.0,487.0,0.0
1376,2024-06-29T17:53:06.496426,510.0,507.0,510.0,491.0,0.0
1377,2024-06-29T17:53:06.496426,510.0,507.0,510.0,491.0,0.0
1378,2024-06-29T17:53:06.496433,508.0,509.0,508.0,494.0,0.0
1379,2024-06-29T17:53:06.496440,508.0,512.0,507.0,504.0,0.0
1380,2024-06-29T17:53:06.496440,508.0,512.0,507.0,504.0,0.0
1381,2024-06-29T17:53:06.496447,510.0,508.0,509.0,507.0,0.0
1382,2024-06-29T17:53:06.496447,510.0,508.0,509.0,507.0,0.0
1383,2024-06-29T17:53:06.496454,511.0,511.0,510.0,519.0,0.0
1384,2024-06-29T17:53:06.496454,511.0,511.0,510.0,519.0,0.0
1385,2024-06-29T17:53:06.496454,511.0,511.0,510.0,519.0,0.0
1386,2024-06-29T17:53:06.496454,511.0,511.0,510.0,519.0,0.0
1387,2024-06-29T17:53:06.496454,511.0,511.0,510.0,519.0,0.0
1388,2024-06-29T17:53:06.496454,511.0,511.0,510.0,519.0,0.0
1389,2024-06-29T17:53:06.496461,513.0,512.0,512.0,529.0,0.0
1390,2024-06-29T17:53:06.496461,513.0,512.0,512.0,529.0,0.0
1391,2024-06-29T17:53:06.496461,513.0,512.0,512.0,529.0,0.0
1392,2024-06-29T17:53:06.496467,512.0,513.0,512.0,542.0,0.0
1393,2024-06-29T17:53:06.496467,512.0,513.0,512.0,542.0,0.0
1394,2024-06-29T17:53:06.496467,512.0,513.0,512.0,542.0,0.0
1395,2024-06-29T17:53:06.496474,511.0,513.0,512.0,540.0,0.0
1396,2024-06-29T17:53:06.496481,510.0,513.0,510.0,542.0,0.0
1397,2024-06-29T17:53:06.496481,510.0,513.0,510.0,542.0,0.0
1398,2024-06-29T17:53:06.496488,511.0,514.0,510.0,535.0,0.0
1399,2024-06-29T17:53:06.496495,513.0,510.0,510.0,529.0,0.0
1400,2024-06-29T17:53:06.496495,513.0,510.0,510.0,529.0,0.0
1401,2024-06-29T17:53:06.496502,511.0,510.0,510.0,511.0,0.0
1402,2024-06-29T17:53:06.496502,511.0,510.0,510.0,511.0,0.0
1403,2024-06-29T17:53:06.496502,511.0,510.0,510.0,511.0,0.0
1404,2024-06-29T17:53:06.496508,510.0,508.0,511.0,510.0,0.0
1405,2024-06-29T17:53:06.496516,510.0,510.0,512.0,511.0,0.0
1406,2024-06-29T17:53:06.496516,510.0,510.0,512.0,511.0,0.0
1407,2024-06-29T17:53:06.496522,511.0,510.0,510.0,508.0,0.0
1408,2024-06-29T17:53:06.496529,513.0,511.0,510.0,502.0,0.0
1409,2024-06-29T17:53:06.496529,513.0,511.0,510.0,502.0,0.0
1410,2024-06-29T17:53:06.496536,512.0,510.0,509.0,507.0,0.0
1411,2024-06-29T17:53:06.496543,513.0,509.0,511.0,508.0,0.0
1412,2024-06-29T17:53:06.496549,511.0,510.0,512.0,502.0,0.0
1413,2024-06-29T17:53:06.496556,510.0,511.0,510.0,486.0,0.0
1414,2024-06-29T17:53:06.496563,510.0,511.0,510.0,488.0,0.0
1415,2024-06-29T17:53:06.496570,514.0,512.0,510.0,493.0,0.0
1416,2024-06-29T17:53:06.496577,512.0,511.0,508.0,503.0,0.0
1417,2024-06-29T17:53:06.496584,511.0,511.0,508.0,506.0,0.0
1418,2024-06-29T17:53:06.496591,514.0,511.0,508.0,518.0,0.0
1419,2024-06-29T17:53:06.496591,514.0,511.0,508.0,518.0,0.0
1420,2024-06-29T17:53:06.496597,514.0,512.0,508.0,530.0,0.0
1421,2024-06-29T17:53:06.496597,514.0,512.0,508.0,530.0,0.0
1422,2024-06-29T17:53:06.496604,511.0,510.0,510.0,538.0,0.0
1423,2024-06-29T17:53:06.496604,511.0,510.0,510.0,538.0,0.0
1424,2024-06-29T17:53:06.496611,511.0,511.0,513.0,540.0,0.0
1425,2024-06-29T17:53:06.496611,511.0,511.0,513.0,540.0,0.0
1426,2024-06-29T17:53:06.496611,511.0,511.0,513.0,540.0,0.0
1427,2024-06-29T17:53:06.496618,511.0,510.0,510.0,544.0,0.0
1428,2024-06-29T17:53:06.496626,512.0,511.0,510.0,540.0,0.0
1429,2024-06-29T17:53:06.496632,511.0,511.0,510.0,527.0,0.0
1430,2024-06-29T17:53:06.496639,510.0,508.0,512.0,519.0,0.0
1431,2024-06-29T17:53:06.496646,508.0,510.0,512.0,517.0,0.0
1432,2024-06-29T17:53:06.496653,510.0,511.0,514.0,514.0,0.0
1433,2024-06-29T17:53:06.496659,512.0,511.0,511.0,511.0,0.0
1434,2024-06-29T17:53:06.496666,513.0,509.0,510.0,503.0,0.0
1435,2024-06-29T17:53:06.496666,513.0,509.0,510.0,503.0,0.0
1436,2024-06-29T17:53:06.496673,510.0,511.0,509.0,505.0,0.0
1437,2024-06-29T17:53:06.496681,512.0,510.0,511.0,504.0,0.0
1438,2024-06-29T17:53:06.496688,512.0,513.0,509.0,498.0,0.0
1439,2024-06-29T17:53:06.496688,512.0,513.0,509.0,498.0,0.0
1440,2024-06-29T17:53:06.496694,512.0,513.0,511.0,487.0,0.0
1441,2024-06-29T17:53:06.496694,512.0,513.0,511.0,487.0,0.0
1442,2024-06-29T17:53:06.496694,512.0,513.0,511.0,487.0,0.0
1443,2024-06-29T17:53:06.496694,512.0,513.0,511.0,487.0,0.0
1444,2024-06-29T17:53:06.496701,513.0,514.0,510.0,490.0,0.0
1445,2024-06-29T17:53:06.496708,514.0,513.0,510.0,487.0,0.0
1446,2024-06-29T17:53:06.496715,512.0,513.0,511.0,495.0,0.0
1447,2024-06-29T17:53:06.496722,512.0,510.0,509.0,504.0,0.0
1448,2024-06-29T17:53:06.496722,512.0,510.0,509.0,504.0,0.0
1449,2024-06-29T17:53:06.496732,512.0,510.0,508.0,523.0,0.0
1450,2024-06-29T17:53:06.496739,511.0,508.0,509.0,534.0,0.0
1451,2024-06-29T17:53:06.496746,511.0,508.0,510.0,539.0,0.0
1452,2024-06-29T17:53:06.496746,511.0,508.0,510.0,539.0,0.0
1453,2024-06-29T17:53:06.496746,511.0,508.0,510.0,539.0,0.0
1454,2024-06-29T17:53:06.496746,511.0,508.0,510.0,539.0,0.0
1455,2024-06-29T17:53:06.496746,511.0,508.0,510.0,539.0,0.0
1456,2024-06-29T17:53:06.496746,511.0,508.0,510.0,539.0,0.0
1457,2024-06-29T17:53:06.496746,511.0,508.0,510.0,539.0,0.0
1458,2024-06-29T17:53:06.496753,513.0,510.0,511.0,538.0,0.0
1459,2024-06-29T17:53:06.496753,513.0,510.0,511.0,538.0,0.0
1460,2024-06-29T17:53:06.496760,509.0,511.0,512.0,538.0,0.0
1461,2024-06-29T17:53:06.496766,508.0,509.0,513.0,526.0,0.0
1462,2024-06-29T17:53:06.496773,510.0,511.0,513.0,521.0,0.0
1463,2024-06-29T17:53:06.496773,510.0,511.0,513.0,521.0,0.0
1464,2024-06-29T17:53:06.496773,510.0,511.0,513.0,521.0,0.0
1465,2024-06-29T17:53:06.496780,509.0,510.0,512.0,510.0,0.0
1466,2024-06-29T17:53:06.496780,509.0,510.0,512.0,510.0,0.0
1467,2024-06-29T17:53:06.496787,508.0,511.0,512.0,513.0,0.0
1468,2024-06-29T17:53:06.496787,508.0,511.0,512.0,513.0,0.0
1469,2024-06-29T17:53:06.496787,508.0,511.0,512.0,513.0,0.0
1470,2024-06-29T17:53:06.496794,511.0,512.0,511.0,516.0,0.0
1471,2024-06-29T17:53:06.496801,511.0,511.0,511.0,510.0,0.0
1472,2024-06-29T17:53:06.496808,513.0,512.0,510.0,502.0,0.0
1473,2024-06-29T17:53:06.496815,511.0,509.0,509.0,500.0,0.0
1474,2024-06-29T17:53:06.496822,513.0,511.0,508.0,505.0,0.0
1475,2024-06-29T17:53:06.496822,513.0,511.0,508.0,505.0,0.0
1476,2024-06-29T17:53:06.496828,514.0,509.0,511.0,503.0,0.0
1477,2024-06-29T17:53:06.496835,513.0,512.0,510.0,487.0,0.0
1478,2024-06-29T17:53:06.496835,513.0,512.0,510.0,487.0,0.0
1479,2024-06-29T17:53:06.496842,512.0,509.0,510.0,489.0,0.0
1480,2024-06-29T17:53:06.496849,512.0,510.0,508.0,493.0,0.0
1481,2024-06-29T17:53:06.496856,513.0,511.0,509.0,499.0,0.0
1482,2024-06-29T17:53:06.496863,512.0,510.0,508.0,503.0,0.0
1483,2024-06-29T17:53:06.496870,512.0,512.0,507.0,518.0,0.0
1484,2024-06-29T17:53:06.496877,512.0,513.0,512.0,529.0,0.0
1485,2024-06-29T17:53:06.496883,511.0,512.0,510.0,537.0,0.0
1486,2024-06-29T17:53:06.496890,508.0,510.0,510.0,540.0,0.0
1487,2024-06-29T17:53:06.496890,508.0,510.0,510.0,540.0,0.0
1488,2024-06-29T17:53:06.496897,509.0,510.0,511.0,543.0,0.0
1489,2024-06-29T17:53:06.496904,512.0,513.0,514.0,536.0,0.0
1490,2024-06-29T17:53:06.496911,512.0,511.0,512.0,528.0,0.0
